image_path,emotion_pred,emotion_pred_conf,prob_angry,prob_fear,prob_sad,prob_happy,prob_disgust,prob_neutral,prob_surprise
images/val-10477.jpg,angry,0.8757336735725403,0.8757336735725403,0.0516006238758564,0.02571672946214676,0.01688729226589203,0.014549450017511845,0.012027627788484097,0.003484603948891163
images/val-1825.jpg,angry,0.6084681749343872,0.6084681749343872,0.007069290615618229,0.02534838393330574,0.007200581021606922,0.002225500298663974,0.3441906273365021,0.005497523117810488
images/val-410.jpg,happy,0.9935710430145264,0.00045549398055300117,0.0003750153409782797,0.0005774568999186158,0.9935710430145264,0.00036321551306173205,0.0022274332586675882,0.0024304459802806377
images/val-4507.jpg,neutral,0.9446340203285217,0.00867919810116291,0.0025914732832461596,0.03795396536588669,0.002404736587777734,0.001786164240911603,0.9446340203285217,0.0019503497751429677
images/val-4013.jpg,angry,0.862684428691864,0.862684428691864,0.0375802107155323,0.03157119080424309,0.01563805341720581,0.0019997742492705584,0.04714498668909073,0.0033815198112279177
images/val-3658.jpg,neutral,0.6943643093109131,0.005865619517862797,0.0030206525698304176,0.2870473265647888,0.006702697370201349,0.002050617476925254,0.6943643093109131,0.0009487955830991268
images/val-2287.jpg,happy,0.9748364686965942,0.002192949876189232,0.0035874212626367807,0.003683837130665779,0.9748364686965942,0.0035932939499616623,0.006149870343506336,0.0059560611844062805
images/val-1680.jpg,happy,0.9943891167640686,0.0004586129216477275,0.000365445448551327,0.0004067507106810808,0.9943891167640686,0.0004990381421521306,0.000947413151152432,0.002933681244030595
images/val-8936.jpg,neutral,0.9832243919372559,0.006464869249612093,0.003721295390278101,0.0034398899879306555,0.0016070024576038122,0.0006081284955143929,0.9832243919372559,0.0009343743440695107
images/val-1425.jpg,fear,0.42457088828086853,0.06933612376451492,0.42457088828086853,0.08295994997024536,0.014583480544388294,0.0021407692693173885,0.006169901229441166,0.40023890137672424
images/val-9675.jpg,sad,0.47515785694122314,0.04012430086731911,0.012351454235613346,0.47515785694122314,0.003926257137209177,0.0020468917209655046,0.4614843726158142,0.004908976145088673
images/val-6913.jpg,sad,0.9840880036354065,0.0021424556616693735,0.0015621414640918374,0.9840880036354065,0.0023345756344497204,0.0017732748528942466,0.007356713991612196,0.0007427693926729262
images/val-521.jpg,neutral,0.9908175468444824,0.0013793089892715216,0.0016278836410492659,0.0012122250627726316,0.002805454423651099,0.0008310090634040534,0.9908175468444824,0.0013265551533550024
images/val-489.jpg,sad,0.5379863381385803,0.018206672742962837,0.04329880699515343,0.5379863381385803,0.002015079604461789,0.001020266441628337,0.39673247933387756,0.0007403480703942478
images/val-1536.jpg,happy,0.9953104853630066,0.00033984711626544595,0.0002905760775320232,0.0004738968564197421,0.9953104853630066,0.0003773328789975494,0.002017074730247259,0.001190775539726019
images/val-3583.jpg,neutral,0.9888375997543335,0.0011275096330791712,0.0022192837204784155,0.002528253709897399,0.003010232700034976,0.0011472526239231229,0.9888375997543335,0.001129818381741643
images/val-3812.jpg,happy,0.9956252574920654,0.0005394845502451062,0.00034323809086345136,0.0004674855445045978,0.9956252574920654,0.0005125408642925322,0.0013822023756802082,0.0011296144220978022
images/val-8280.jpg,neutral,0.9156229496002197,0.0018246693070977926,0.0013341718586161733,0.0011169100180268288,0.06687510013580322,0.002865699352696538,0.9156229496002197,0.01036044117063284
images/val-9864.jpg,happy,0.9955469369888306,0.0003620337520260364,0.00037095596781000495,0.0006209933198988438,0.9955469369888306,0.0004406990483403206,0.0009365426376461983,0.0017218460561707616
images/val-435.jpg,neutral,0.7869430184364319,0.007148370146751404,0.13541854918003082,0.045194003731012344,0.01828441210091114,0.0014540983829647303,0.7869430184364319,0.005557583644986153
images/val-9196.jpg,sad,0.8999596238136292,0.010059445165097713,0.0036588243674486876,0.8999596238136292,0.009430231526494026,0.031578026711940765,0.04270512983202934,0.0026086701545864344
images/val-3258.jpg,fear,0.7165154218673706,0.01696726307272911,0.7165154218673706,0.182348370552063,0.009924151003360748,0.030635621398687363,0.02795514278113842,0.015654003247618675
images/val-10648.jpg,happy,0.9788171648979187,0.00039328340790234506,0.00037869461812078953,0.000613273645285517,0.9788171648979187,0.0005938705871812999,0.017515908926725388,0.0016877067973837256
images/val-8929.jpg,neutral,0.9280974864959717,0.0018249275162816048,0.0010911423014476895,0.0019010398536920547,0.0640624538064003,0.0012309823650866747,0.9280974864959717,0.0017919134115800261
images/val-6874.jpg,happy,0.9771289229393005,0.0052535091526806355,0.001902924501337111,0.007561147678643465,0.9771289229393005,0.0018053626408800483,0.0014329125406220555,0.00491519458591938
images/val-3612.jpg,happy,0.5883535146713257,0.0037690240424126387,0.002792229177430272,0.08691928535699844,0.5883535146713257,0.0030356007628142834,0.3133833110332489,0.001747064059600234
images/val-7360.jpg,neutral,0.7944433093070984,0.010203782469034195,0.0016433005221188068,0.017119208350777626,0.161907359957695,0.009440037421882153,0.7944433093070984,0.0052430531941354275
images/val-9655.jpg,happy,0.9949122071266174,0.00023899519874248654,0.000325814908137545,0.00038781246985308826,0.9949122071266174,0.00046825536992400885,0.001960683148354292,0.0017061723629012704
images/val-4558.jpg,fear,0.5386178493499756,0.022572744637727737,0.5386178493499756,0.26949864625930786,0.046723682433366776,0.016416994854807854,0.10188572853803635,0.004284340422600508
images/val-107.jpg,happy,0.9945226907730103,0.0007069702260196209,0.00024436862440779805,0.0003749122843146324,0.9945226907730103,0.0006107802619226277,0.001325025805272162,0.002215285785496235
images/val-2616.jpg,angry,0.9557254910469055,0.9557254910469055,0.010409687645733356,0.01590874046087265,0.004489648621529341,0.0014072759076952934,0.010881842114031315,0.0011774017475545406
images/val-6925.jpg,happy,0.9583068490028381,0.0007303224410861731,0.0003854558162856847,0.0008463703561574221,0.9583068490028381,0.0014199669240042567,0.03611857071518898,0.00219230935908854
images/val-5575.jpg,happy,0.9950217008590698,0.0004224554868414998,0.0003618511836975813,0.0004247743636369705,0.9950217008590698,0.000489788712002337,0.0008842814713716507,0.002395251300185919
images/val-4553.jpg,happy,0.9910008311271667,0.0004455057205632329,0.0004663008148781955,0.0002969155611936003,0.9910008311271667,0.0005886193830519915,0.0009712498285807669,0.006230666767805815
images/val-2548.jpg,happy,0.994847297668457,0.00035955753992311656,0.00026760619948618114,0.0005461665568873286,0.994847297668457,0.0003162640205118805,0.0025269591715186834,0.001136238919571042
images/val-3528.jpg,neutral,0.9841539263725281,0.0013880955521017313,0.001048859441652894,0.0011298195458948612,0.009301720187067986,0.0016061075730249286,0.9841539263725281,0.001371512422338128
images/val-5515.jpg,sad,0.8640866279602051,0.03654496744275093,0.01572859287261963,0.8640866279602051,0.0013805462513118982,0.005791271571069956,0.07564380019903183,0.0008242226322181523
images/val-1675.jpg,happy,0.9883049726486206,0.0002498979738447815,0.00036779491347260773,0.0009822063148021698,0.9883049726486206,0.000869214884005487,0.007766298949718475,0.0014596499968320131
images/val-1520.jpg,angry,0.8429641723632812,0.8429641723632812,0.015216123312711716,0.12697236239910126,0.005190590396523476,0.0014496759977191687,0.007092825602740049,0.00111418217420578
images/val-6225.jpg,neutral,0.8737156987190247,0.002847694093361497,0.0016196607612073421,0.002488644327968359,0.11522199213504791,0.0016617574729025364,0.8737156987190247,0.0024445070885121822
images/val-1585.jpg,happy,0.9952911138534546,0.0005760167841799557,0.0003397185355424881,0.0004119595105294138,0.9952911138534546,0.00029719399753957987,0.0017207929631695151,0.0013632626505568624
images/val-5882.jpg,angry,0.7352267503738403,0.7352267503738403,0.013578547164797783,0.19571182131767273,0.02838285267353058,0.003564954735338688,0.02199518121778965,0.0015398069517686963
images/val-5636.jpg,fear,0.8303142786026001,0.002077005337923765,0.8303142786026001,0.0625949501991272,0.0011301349150016904,0.0008831465966068208,0.0965459868311882,0.006454521790146828
images/val-9892.jpg,neutral,0.9740046262741089,0.011926994659006596,0.004178792703896761,0.005745701026171446,0.0009770620381459594,0.0018086297204717994,0.9740046262741089,0.0013581408420577645
images/val-4334.jpg,happy,0.8923912644386292,0.002539969515055418,0.008122257888317108,0.023315107449889183,0.8923912644386292,0.0012487511849030852,0.0700501799583435,0.00233246386051178
images/val-712.jpg,neutral,0.8519154787063599,0.005390212405472994,0.006000713910907507,0.02986972965300083,0.10158783197402954,0.003593146102502942,0.8519154787063599,0.0016428272938355803
images/val-7528.jpg,happy,0.9907062649726868,0.0005587340565398335,0.00033569021616131067,0.0004240346315782517,0.9907062649726868,0.0003354711807332933,0.00613029021769762,0.0015095800627022982
images/val-8786.jpg,happy,0.9940444827079773,0.00023629487259313464,0.00029031524900346994,0.000387236155802384,0.9940444827079773,0.000419548072386533,0.0026092466432601213,0.002012858400121331
images/val-2046.jpg,happy,0.9850228428840637,0.0027591350954025984,0.0005039505776949227,0.004698312841355801,0.9850228428840637,0.000831855577416718,0.0040909904055297375,0.0020928012672811747
images/val-6202.jpg,happy,0.9942838549613953,0.00044067352428101003,0.0005425650160759687,0.0004982157261110842,0.9942838549613953,0.00040863643516786397,0.002040155464783311,0.001785937580280006
images/val-1292.jpg,neutral,0.9775400161743164,0.00577612454071641,0.0038345069624483585,0.0014721933985128999,0.0058650970458984375,0.003581482218578458,0.9775400161743164,0.0019307328620925546
images/val-9045.jpg,sad,0.9781098961830139,0.010991464368999004,0.005046044941991568,0.9781098961830139,0.0005522614228539169,0.00155736249871552,0.0030099512077867985,0.000733120075892657
images/val-4804.jpg,angry,0.6387012600898743,0.6387012600898743,0.004929091315716505,0.1862548589706421,0.007661754731088877,0.08657202869653702,0.06472085416316986,0.011160174384713173
images/val-10300.jpg,sad,0.9869374632835388,0.003879242343828082,0.0017109786858782172,0.9869374632835388,0.0016068812692537904,0.0018165622605010867,0.003122082445770502,0.0009268205030821264
images/val-10134.jpg,neutral,0.9510698318481445,0.031130727380514145,0.0061993286944925785,0.004224167671054602,0.0024550880771130323,0.003934178035706282,0.9510698318481445,0.0009867082117125392
images/val-5926.jpg,happy,0.9955915212631226,0.00043703909614123404,0.0003025763144250959,0.0003946215147152543,0.9955915212631226,0.0005970837664790452,0.0011503263376653194,0.0015269251307472587
images/val-9460.jpg,angry,0.9469929933547974,0.9469929933547974,0.0059129176661372185,0.00357498275116086,0.02228550799190998,0.0024463175795972347,0.005814191419631243,0.01297298539429903
images/val-3151.jpg,fear,0.4866325557231903,0.07557753473520279,0.4866325557231903,0.3452487289905548,0.042199309915304184,0.015145736746490002,0.03204602003097534,0.0031501443590968847
images/val-1140.jpg,happy,0.4719090461730957,0.0037130166310817003,0.0031711836345493793,0.4342937171459198,0.4719090461730957,0.026679612696170807,0.05195425823330879,0.008279134519398212
images/val-751.jpg,happy,0.9950215816497803,0.00035659701097756624,0.0002785536053124815,0.00043645937694236636,0.9950215816497803,0.00046075714635662735,0.0018808674067258835,0.0015651227440685034
images/val-10835.jpg,fear,0.9710303544998169,0.0059690880589187145,0.9710303544998169,0.002874434692785144,0.0010506666731089354,0.002753470093011856,0.0006340919644571841,0.015687771141529083
images/val-3734.jpg,angry,0.9582856297492981,0.9582856297492981,0.0173841193318367,0.01263043750077486,0.0014456004137173295,0.0023920598905533552,0.006782970391213894,0.0010790859814733267
images/val-4742.jpg,sad,0.9256635308265686,0.019596843048930168,0.0027604401111602783,0.9256635308265686,0.02043093927204609,0.001983518712222576,0.028361380100250244,0.0012033545644953847
images/val-1308.jpg,neutral,0.9804430603981018,0.0008986138855107129,0.0021378020755946636,0.0013293279334902763,0.01172919012606144,0.0007151452009566128,0.9804430603981018,0.0027468944899737835
images/val-3815.jpg,neutral,0.9553051590919495,0.0013405807549133897,0.0010037777246907353,0.0011342738289386034,0.03677350655198097,0.0013364525511860847,0.9553051590919495,0.003106313291937113
images/val-1655.jpg,neutral,0.9572667479515076,0.019801966845989227,0.002277781255543232,0.0012696159537881613,0.013143771328032017,0.004368692170828581,0.9572667479515076,0.001871353480964899
images/val-6228.jpg,neutral,0.9489541053771973,0.005313330329954624,0.020474091172218323,0.020272906869649887,0.0009040525183081627,0.0012039844878017902,0.9489541053771973,0.002877569757401943
images/val-4555.jpg,neutral,0.9887586832046509,0.0010749512584879994,0.0019388616783544421,0.0012333961203694344,0.00457522738724947,0.0007162744295783341,0.9887586832046509,0.0017026085406541824
images/val-7429.jpg,happy,0.2516632378101349,0.14837366342544556,0.1853725016117096,0.16839547455310822,0.2516632378101349,0.13141675293445587,0.0602729469537735,0.05450538173317909
images/val-10416.jpg,happy,0.9953643083572388,0.0004533599712885916,0.000218614237383008,0.0006080119637772441,0.9953643083572388,0.0004572868929244578,0.0015014688251540065,0.001396984443999827
images/val-5978.jpg,sad,0.8714584112167358,0.004827294498682022,0.0029903147369623184,0.8714584112167358,0.028131535276770592,0.006693636067211628,0.08516619354486465,0.0007325831102207303
images/val-2665.jpg,sad,0.7148774266242981,0.006105905864387751,0.040331631898880005,0.7148774266242981,0.007901267148554325,0.0034805682953447104,0.2223537117242813,0.004949492402374744
images/val-6066.jpg,neutral,0.9748969674110413,0.0020953023340553045,0.013048560358583927,0.003952597267925739,0.0013383020414039493,0.0015672651352360845,0.9748969674110413,0.003101061098277569
images/val-5821.jpg,happy,0.9929990768432617,0.000689709500875324,0.0005048087332397699,0.0008699813042767346,0.9929990768432617,0.0009818163234740496,0.002207133686169982,0.0017475824570283294
images/val-3433.jpg,sad,0.8114829659461975,0.0724608451128006,0.005327201914042234,0.8114829659461975,0.006782865151762962,0.01719379611313343,0.07666850090026855,0.010083761066198349
images/val-4375.jpg,happy,0.8940531015396118,0.0009165979572571814,0.001390473684296012,0.001799776335246861,0.8940531015396118,0.0014473993796855211,0.09886563569307327,0.0015269815921783447
images/val-10618.jpg,neutral,0.8290976881980896,0.1260199099779129,0.013665729202330112,0.023184558376669884,0.005086564924567938,0.0022128114942461252,0.8290976881980896,0.0007327664643526077
images/val-1170.jpg,neutral,0.9712069630622864,0.0020721126347780228,0.003932969644665718,0.01901812106370926,0.0022549740970134735,0.000808308890555054,0.9712069630622864,0.0007065602112561464
images/val-9981.jpg,neutral,0.9371008276939392,0.003694777376949787,0.03705522045493126,0.018728382885456085,0.0016322835581377149,0.00044685645843856037,0.9371008276939392,0.0013416737783700228
images/val-10404.jpg,neutral,0.781113862991333,0.006048494949936867,0.09220296889543533,0.11451922357082367,0.0018980955937877297,0.0005583736347034574,0.781113862991333,0.003658970119431615
images/val-2804.jpg,neutral,0.37290120124816895,0.17110443115234375,0.06639392673969269,0.18271832168102264,0.11450811475515366,0.05121995508670807,0.37290120124816895,0.04115404188632965
images/val-8752.jpg,happy,0.9865168333053589,0.002248882781714201,0.0007278462289832532,0.0004982968093827367,0.9865168333053589,0.0006400460842996836,0.0006241858354769647,0.008743955753743649
images/val-4011.jpg,sad,0.6315812468528748,0.19746212661266327,0.006002859678119421,0.6315812468528748,0.004182909615337849,0.0020612096413969994,0.1573006510734558,0.001408983487635851
images/val-2678.jpg,neutral,0.5804032683372498,0.02023346535861492,0.014908973127603531,0.3735732138156891,0.005653114523738623,0.0028954297304153442,0.5804032683372498,0.0023324848152697086
images/val-7574.jpg,sad,0.9805715084075928,0.0021505248732864857,0.006595691200345755,0.9805715084075928,0.0022300109267234802,0.0018692424055188894,0.004551899153739214,0.0020311467815190554
images/val-6217.jpg,sad,0.9095610976219177,0.01981421373784542,0.012129752896726131,0.9095610976219177,0.0006935298442840576,0.0013066892279312015,0.056115925312042236,0.0003788034664466977
images/val-4423.jpg,sad,0.8319438695907593,0.05937520042061806,0.03215641900897026,0.8319438695907593,0.0010634500067681074,0.0017899475060403347,0.07325788587331772,0.0004132148460485041
images/val-10486.jpg,fear,0.4696224629878998,0.0858239158987999,0.4696224629878998,0.02010214701294899,0.16465653479099274,0.019610648974776268,0.03007790818810463,0.21010632812976837
images/val-9126.jpg,neutral,0.9830800294876099,0.0019186896970495582,0.0037590849678963423,0.004865746945142746,0.004683303646743298,0.0007444066577591002,0.9830800294876099,0.0009488424402661622
images/val-3599.jpg,happy,0.954343318939209,0.006579582113772631,0.002251578727737069,0.005500569008290768,0.954343318939209,0.0014489120803773403,0.02387404814362526,0.006001954898238182
images/val-5314.jpg,neutral,0.9563874006271362,0.012403459288179874,0.0034301651176065207,0.017229113727808,0.005064512137323618,0.004130777437239885,0.9563874006271362,0.0013545724796131253
images/val-917.jpg,happy,0.886738121509552,0.02662491612136364,0.003784285159781575,0.015362594276666641,0.886738121509552,0.008587595075368881,0.0246169101446867,0.0342855304479599
images/val-3753.jpg,sad,0.4284694194793701,0.067130908370018,0.11290575563907623,0.4284694194793701,0.004529446829110384,0.0011061456752941012,0.38510650396347046,0.0007517932681366801
images/val-526.jpg,happy,0.8129719495773315,0.03656060993671417,0.03786584362387657,0.08543116599321365,0.8129719495773315,0.003204587148502469,0.017247334122657776,0.0067184423096477985
images/val-5169.jpg,sad,0.7494815587997437,0.011157585307955742,0.010483091697096825,0.7494815587997437,0.03831181675195694,0.0016675565857440233,0.18721921741962433,0.0016791607486084104
images/val-6573.jpg,sad,0.9622686505317688,0.017818301916122437,0.010786212980747223,0.9622686505317688,0.0005264119827188551,0.0005808271816931665,0.00601168442517519,0.002007870702072978
images/val-4387.jpg,happy,0.9932905435562134,0.00033443482243455946,0.0003248089924454689,0.00044851217535324395,0.9932905435562134,0.00047644603182561696,0.0035805890802294016,0.0015447086188942194
images/val-1085.jpg,happy,0.8275346755981445,0.0031661198008805513,0.0033751078881323338,0.1420086920261383,0.8275346755981445,0.0031421007588505745,0.017299573868513107,0.003473795484751463
images/val-3457.jpg,neutral,0.9178949594497681,0.06406446546316147,0.003364137141034007,0.005190920550376177,0.005399507936090231,0.003278006101027131,0.9178949594497681,0.000807975186035037
images/val-9293.jpg,neutral,0.9590312242507935,0.0016508244443684816,0.0019606277346611023,0.01955275610089302,0.0150582455098629,0.0016636205837130547,0.9590312242507935,0.0010826402576640248
images/val-5156.jpg,happy,0.9875904321670532,0.00033546925988048315,0.0002773992600850761,0.00072704185731709,0.9875904321670532,0.0005167021881788969,0.00924629345536232,0.0013066144892945886
images/val-3484.jpg,happy,0.9955185651779175,0.00037446097121573985,0.00031552452128380537,0.0004912173608317971,0.9955185651779175,0.0005572444060817361,0.0010267397155985236,0.0017161675496026874
images/val-10739.jpg,neutral,0.9836508631706238,0.00342200743034482,0.0024161143228411674,0.0061851488426327705,0.0024340448435395956,0.0012465203180909157,0.9836508631706238,0.000645304040517658
images/val-8180.jpg,fear,0.5407772660255432,0.17735740542411804,0.5407772660255432,0.16581502556800842,0.0034710289910435677,0.002658747835084796,0.09790341556072235,0.012017161585390568
images/val-6483.jpg,sad,0.5338366627693176,0.10089361667633057,0.04494630545377731,0.5338366627693176,0.001730999443680048,0.029196985065937042,0.28797703981399536,0.0014184355968609452
images/val-10533.jpg,neutral,0.9418098330497742,0.028159819543361664,0.0014267326332628727,0.007522879168391228,0.01146494410932064,0.007655472029000521,0.9418098330497742,0.0019602798856794834
images/val-7518.jpg,neutral,0.5091956853866577,0.014716099947690964,0.003780977800488472,0.46406668424606323,0.0028817690908908844,0.004833545070141554,0.5091956853866577,0.0005252555129118264
images/val-2341.jpg,happy,0.7100857496261597,0.0018595419824123383,0.0017192057566717267,0.24749593436717987,0.7100857496261597,0.003911127336323261,0.030193014070391655,0.004735326860100031
images/val-4340.jpg,fear,0.4324527084827423,0.3535763621330261,0.4324527084827423,0.04765334352850914,0.0015780499670654535,0.12624108791351318,0.006407598964869976,0.032090913504362106
images/val-2288.jpg,happy,0.9915716648101807,0.0014530114131048322,0.0003865154867526144,0.0011437308276072145,0.9915716648101807,0.00029745971551164985,0.002705916529521346,0.002441597869619727
images/val-4041.jpg,sad,0.2884499430656433,0.15432719886302948,0.04514690488576889,0.2884499430656433,0.2536046504974365,0.020203502848744392,0.236336350440979,0.001931442879140377
images/val-9198.jpg,happy,0.9908844828605652,0.0006853787926957011,0.0005919434479437768,0.002162287477403879,0.9908844828605652,0.001287785591557622,0.0011802877997979522,0.0032079052180051804
images/val-8831.jpg,sad,0.9503892660140991,0.014584014192223549,0.009599575772881508,0.9503892660140991,0.0029325506184250116,0.006992656271904707,0.013004293665289879,0.0024975943379104137
images/val-4305.jpg,neutral,0.9877124428749084,0.00447764853015542,0.0018118416192010045,0.001952300313860178,0.002832358004525304,0.0006961133913137019,0.9877124428749084,0.0005172952660359442
images/val-9578.jpg,happy,0.9895122647285461,0.0009045809856615961,0.0006805186858400702,0.0017432529712095857,0.9895122647285461,0.0017310671973973513,0.0027569669764488935,0.0026713989209383726
images/val-7020.jpg,neutral,0.9318106770515442,0.01509452797472477,0.01741989143192768,0.002502904972061515,0.02146564982831478,0.004651523195207119,0.9318106770515442,0.007054817397147417
images/val-9561.jpg,angry,0.9823050498962402,0.9823050498962402,0.001574428635649383,0.007855161093175411,0.0015547561924904585,0.004098839592188597,0.001705697039142251,0.0009060790180228651
images/val-6544.jpg,happy,0.509829580783844,0.006422650534659624,0.015417657792568207,0.0075307912193238735,0.509829580783844,0.0007466471870429814,0.4526371657848358,0.007415511645376682
images/val-5931.jpg,neutral,0.49668675661087036,0.012825366109609604,0.24307087063789368,0.17841023206710815,0.05134282261133194,0.0014817919582128525,0.49668675661087036,0.016182217746973038
images/val-3594.jpg,happy,0.9917535781860352,0.0003345313889440149,0.000506507873069495,0.0006218626513145864,0.9917535781860352,0.0005687256343662739,0.00468189362436533,0.0015328895533457398
images/val-2267.jpg,angry,0.9463598132133484,0.9463598132133484,0.030220508575439453,0.012517415918409824,0.001742483815178275,0.002254454419016838,0.0057890950702130795,0.0011161683360114694
images/val-8349.jpg,angry,0.9299513101577759,0.9299513101577759,0.01179824024438858,0.00994117558002472,0.003338785143569112,0.006821352988481522,0.036393944174051285,0.0017552246572449803
images/val-8086.jpg,angry,0.38998493552207947,0.38998493552207947,0.314632773399353,0.030947353690862656,0.1680973321199417,0.005490288604050875,0.03147856891155243,0.05936869978904724
images/val-1490.jpg,neutral,0.6121575832366943,0.3496564030647278,0.006693173665553331,0.009417192079126835,0.013090303167700768,0.006336492486298084,0.6121575832366943,0.002648825291544199
images/val-772.jpg,angry,0.4939214587211609,0.4939214587211609,0.018860090523958206,0.008461898192763329,0.02349352464079857,0.021234305575489998,0.4307226836681366,0.003306012600660324
images/val-1797.jpg,sad,0.9840019941329956,0.0038083880208432674,0.004829018376767635,0.9840019941329956,0.0006927557988092303,0.0009194246958941221,0.00471995584666729,0.0010284741874784231
images/val-2505.jpg,neutral,0.9298937916755676,0.0009386712335981429,0.0016604377888143063,0.002403100486844778,0.05469985678792,0.001842078985646367,0.9298937916755676,0.008562106639146805
images/val-10281.jpg,happy,0.8750172853469849,0.0006836887332610786,0.002124522579833865,0.012125857174396515,0.8750172853469849,0.0010576117783784866,0.1052534431219101,0.0037374927196651697
images/val-2622.jpg,happy,0.9952487349510193,0.00041173104546032846,0.0002727133105508983,0.00040115369483828545,0.9952487349510193,0.0005854277987964451,0.00141021644230932,0.001670112949796021
images/val-6917.jpg,neutral,0.9896857142448425,0.0010633777128532529,0.0026383637450635433,0.0018242135411128402,0.0027735501062124968,0.0006146056111901999,0.9896857142448425,0.0014001985546201468
images/val-9772.jpg,happy,0.9769914746284485,0.0031725058797746897,0.001657205168157816,0.011805210262537003,0.9769914746284485,0.0024056723341345787,0.002328135771676898,0.0016398087609559298
images/val-1041.jpg,happy,0.9612032175064087,0.000940721423830837,0.000748364080209285,0.0014329323312267661,0.9612032175064087,0.0008331480785273015,0.03216810151934624,0.002673584735020995
images/val-6305.jpg,surprise,0.7279571294784546,0.024644479155540466,0.015542407520115376,0.0208297036588192,0.005511795170605183,0.02146822214126587,0.18404631316661835,0.7279571294784546
images/val-6253.jpg,sad,0.3571693003177643,0.28332316875457764,0.31407880783081055,0.3571693003177643,0.0023391630966216326,0.0113806938752532,0.030744094401597977,0.0009648569975979626
images/val-9764.jpg,happy,0.939961850643158,0.00034832546953111887,0.0007234295480884612,0.0009687544079497457,0.939961850643158,0.00120032939594239,0.05067993327975273,0.006117235403507948
images/val-7669.jpg,neutral,0.9735654592514038,0.01353775430470705,0.005946481134742498,0.001898844726383686,0.002053241478279233,0.0011065738508477807,0.9735654592514038,0.0018916826229542494
images/val-8670.jpg,sad,0.7929003834724426,0.022729994729161263,0.028094634413719177,0.7929003834724426,0.0019515246385708451,0.0016137977363541722,0.1477849781513214,0.0049246810376644135
images/val-4120.jpg,neutral,0.7531571388244629,0.011403062380850315,0.0020522731356322765,0.004349765833467245,0.2225142866373062,0.0036360048688948154,0.7531571388244629,0.002887428505346179
images/val-9065.jpg,neutral,0.9888297915458679,0.0013673348585143685,0.0021123539190739393,0.0012380963889881968,0.004705187864601612,0.0007646226440556347,0.9888297915458679,0.00098259630613029
images/val-189.jpg,sad,0.983363151550293,0.0022170734591782093,0.007477914448827505,0.983363151550293,0.0012179695768281817,0.0006651365547440946,0.004179033916443586,0.0008796632173471153
images/val-1877.jpg,sad,0.9569362998008728,0.005868564825505018,0.00554211251437664,0.9569362998008728,0.020569633692502975,0.005834874231368303,0.0020395948085933924,0.003208939451724291
images/val-8798.jpg,happy,0.838131308555603,0.001306386198848486,0.0010127166751772165,0.0020307900849729776,0.838131308555603,0.0033029087353497744,0.14906898140907288,0.0051469518803060055
images/val-4372.jpg,sad,0.9864439368247986,0.0021060968283563852,0.00583356898277998,0.9864439368247986,0.0019373559625819325,0.0014475163770839572,0.00141808670014143,0.0008134390809573233
images/val-10502.jpg,happy,0.9945870637893677,0.00038318222505040467,0.00034512110869400203,0.0007232524221763015,0.9945870637893677,0.0005621212185360491,0.0019029660616070032,0.0014962955610826612
images/val-5574.jpg,neutral,0.689422070980072,0.0016923861112445593,0.0019504099618643522,0.0030050992500036955,0.2762398421764374,0.006521732080727816,0.689422070980072,0.02116847224533558
images/val-1828.jpg,neutral,0.9864196181297302,0.0018232594011351466,0.00294854654930532,0.0026221780572086573,0.0037347632460296154,0.0008455268107354641,0.9864196181297302,0.001606153673492372
images/val-4809.jpg,sad,0.9856215119361877,0.002419434953480959,0.006937405094504356,0.9856215119361877,0.001585287507623434,0.0008825828554108739,0.0017775200540199876,0.0007762360037304461
images/val-7124.jpg,fear,0.42367643117904663,0.08057381212711334,0.42367643117904663,0.1349511444568634,0.0015715666813775897,0.0015264340909197927,0.3514366149902344,0.006263980641961098
images/val-2592.jpg,neutral,0.9845684766769409,0.0012250598520040512,0.0032201071735471487,0.0017453072359785438,0.007502250839024782,0.000633440853562206,0.9845684766769409,0.0011054212227463722
images/val-7434.jpg,neutral,0.7408748865127563,0.002531228121370077,0.001226348802447319,0.0045103644952178,0.24563612043857574,0.0019296605605632067,0.7408748865127563,0.0032914301846176386
images/val-54.jpg,happy,0.8197937607765198,0.0008095145458355546,0.0011079487157985568,0.0020266727078706026,0.8197937607765198,0.001546241226606071,0.16915856301784515,0.005557273980230093
images/val-4316.jpg,sad,0.9683392643928528,0.007369265891611576,0.015593982301652431,0.9683392643928528,0.0009620078490115702,0.0010931604774668813,0.005931416992098093,0.0007109044818207622
images/val-8202.jpg,happy,0.7807660102844238,0.011040532030165195,0.0009576792945154011,0.0037199431098997593,0.7807660102844238,0.004734699614346027,0.195783793926239,0.0029973250348120928
images/val-2928.jpg,angry,0.7331652045249939,0.7331652045249939,0.17291559278964996,0.054796576499938965,0.0024277367629110813,0.010883769951760769,0.024324148893356323,0.0014869833830744028
images/val-8318.jpg,sad,0.921091616153717,0.03494434058666229,0.02833534963428974,0.921091616153717,0.0010332104284316301,0.0041291858069598675,0.009169613011181355,0.0012966420035809278
images/val-1744.jpg,happy,0.9940809607505798,0.0007465684902854264,0.000387136620702222,0.0003350246115587652,0.9940809607505798,0.0004849896940868348,0.0008782192599028349,0.0030871375929564238
images/val-10245.jpg,sad,0.9483571648597717,0.00320061226375401,0.006729602813720703,0.9483571648597717,0.01985628716647625,0.004982954356819391,0.014994855038821697,0.001878533628769219
images/val-4890.jpg,fear,0.892662763595581,0.039573464542627335,0.892662763595581,0.0397183932363987,0.0011340449564158916,0.0046385605819523335,0.004798554815351963,0.017474262043833733
images/val-10469.jpg,sad,0.6041799783706665,0.013069717213511467,0.028479740023612976,0.6041799783706665,0.005914265289902687,0.004570913966745138,0.3425384759902954,0.001246876665391028
images/val-10800.jpg,happy,0.9923176765441895,0.0008287495584227145,0.00039941249997355044,0.0007713634404353797,0.9923176765441895,0.0007369802333414555,0.0009878292912617326,0.0039579663425683975
images/val-9978.jpg,neutral,0.9821394085884094,0.007869799621403217,0.0015113719273358583,0.002087337663397193,0.00441376818343997,0.0014705308713018894,0.9821394085884094,0.0005077191162854433
images/val-3259.jpg,angry,0.8468545079231262,0.8468545079231262,0.01405324973165989,0.019391342997550964,0.010438863188028336,0.004084758926182985,0.10201181471347809,0.00316545064561069
images/val-10828.jpg,neutral,0.9674608111381531,0.0016694150399416685,0.0010791157837957144,0.0019157173810526729,0.0245102196931839,0.00179426115937531,0.9674608111381531,0.0015704509569332004
images/val-6127.jpg,neutral,0.9625376462936401,0.021225973963737488,0.005159337539225817,0.002147986087948084,0.0052772266790270805,0.001419156789779663,0.9625376462936401,0.0022326491307467222
images/val-2647.jpg,happy,0.9938993453979492,0.00042507934267632663,0.0004348356160335243,0.0003663644311018288,0.9938993453979492,0.0005379202775657177,0.00271434779278934,0.0016220969846472144
images/val-8838.jpg,sad,0.7336291074752808,0.018015939742326736,0.008272984065115452,0.7336291074752808,0.0028353354427963495,0.026915598660707474,0.20881544053554535,0.0015156121226027608
images/val-8690.jpg,neutral,0.9870924949645996,0.0022936626337468624,0.0026903413236141205,0.004847025033086538,0.0016666240990161896,0.0009740909445099533,0.9870924949645996,0.0004358384176157415
images/val-10.jpg,happy,0.9940974712371826,0.00034236640203744173,0.0003283803234808147,0.0005036732763983309,0.9940974712371826,0.00047369368257932365,0.0029583119321614504,0.0012961975298821926
images/val-9814.jpg,neutral,0.9576015472412109,0.02323950082063675,0.006382156163454056,0.0047185709699988365,0.005104734096676111,0.0014176463009789586,0.9576015472412109,0.0015358943492174149
images/val-5311.jpg,happy,0.9923684000968933,0.00020939948444720358,0.00031096668681129813,0.0005288130487315357,0.9923684000968933,0.0004994813934899867,0.004160174168646336,0.001922838157042861
images/val-8006.jpg,happy,0.716775119304657,0.0010887501994147897,0.0014338968321681023,0.0013305188622325659,0.716775119304657,0.001706255367025733,0.27076706290245056,0.0068984259851276875
images/val-320.jpg,happy,0.9924129843711853,0.0005204560002312064,0.000446625635959208,0.0005888979649171233,0.9924129843711853,0.0006569330580532551,0.0024961894378066063,0.002877908991649747
images/val-1833.jpg,neutral,0.960218071937561,0.0048876260407269,0.012799421325325966,0.019219813868403435,0.001976165920495987,0.0003696059575304389,0.960218071937561,0.0005292629357427359
images/val-5948.jpg,happy,0.9901756644248962,0.00031983168446458876,0.00026387511752545834,0.000552482670173049,0.9901756644248962,0.00073944655014202,0.005392028484493494,0.0025565645191818476
images/val-5039.jpg,neutral,0.9851559400558472,0.006489367224276066,0.0015581833431497216,0.0017569412011653185,0.002076495438814163,0.0019258344545960426,0.9851559400558472,0.0010372569086030126
images/val-3924.jpg,happy,0.9948763251304626,0.00041518002399243414,0.0007075052708387375,0.0010428768582642078,0.9948763251304626,0.00039203837513923645,0.0013474037405103445,0.001218736870214343
images/val-950.jpg,fear,0.7988097667694092,0.03571870177984238,0.7988097667694092,0.1446460485458374,0.0008236987050622702,0.0027059565763920546,0.013804649002850056,0.003491112496703863
images/val-3947.jpg,happy,0.9603092074394226,0.0021801325492560863,0.002722095465287566,0.006259700283408165,0.9603092074394226,0.005903008859604597,0.007357077673077583,0.015268946997821331
images/val-9296.jpg,sad,0.6771416664123535,0.02021259255707264,0.012925728224217892,0.6771416664123535,0.01167965866625309,0.005207278300076723,0.26314273476600647,0.009690319187939167
images/val-1291.jpg,sad,0.4684048295021057,0.38405969738960266,0.06031496822834015,0.4684048295021057,0.02028086595237255,0.002227934543043375,0.06258554011583328,0.0021260459907352924
images/val-1404.jpg,happy,0.9387645125389099,0.0008021503454074264,0.0005036989459767938,0.0009815708035603166,0.9387645125389099,0.0011128531768918037,0.05445719510316849,0.003378130728378892
images/val-7963.jpg,sad,0.9783662557601929,0.003672983031719923,0.007372586522251368,0.9783662557601929,0.0008323483052663505,0.0005549655761569738,0.008664397522807121,0.0005365154356695712
images/val-1134.jpg,happy,0.9923694133758545,0.001968939322978258,0.0008345410460606217,0.0003639454662334174,0.9923694133758545,0.000750678707845509,0.0007906718528829515,0.002921744016930461
images/val-8728.jpg,angry,0.6437103748321533,0.6437103748321533,0.24295192956924438,0.08421505242586136,0.0042365244589746,0.014532512053847313,0.0030142455361783504,0.007339322008192539
images/val-2061.jpg,happy,0.9951416254043579,0.000535110360942781,0.00034277208033017814,0.00040408590575680137,0.9951416254043579,0.00032155343797057867,0.0020467466674745083,0.0012081086169928312
images/val-2104.jpg,neutral,0.3626443147659302,0.08884398639202118,0.2648768126964569,0.007592957001179457,0.07412406802177429,0.0043768249452114105,0.3626443147659302,0.19754105806350708
images/val-7788.jpg,neutral,0.9676745533943176,0.008870264515280724,0.0014624085742980242,0.004995237570255995,0.015481005422770977,0.0009648390114307404,0.9676745533943176,0.000551760895177722
images/val-9008.jpg,happy,0.9171406626701355,0.02026546001434326,0.01051125768572092,0.0020387228578329086,0.9171406626701355,0.011062289588153362,0.002895678859204054,0.03608587384223938
images/val-2706.jpg,happy,0.9926815629005432,0.0004257706750649959,0.00040728342719376087,0.0008512064814567566,0.9926815629005432,0.00037461298052221537,0.0037620135117322206,0.0014975389931350946
images/val-4343.jpg,happy,0.9924048781394958,0.0002668613742571324,0.00037517418968491256,0.00040680155507288873,0.9924048781394958,0.0004688242042902857,0.004411893431097269,0.0016655202489346266
images/val-8646.jpg,neutral,0.8815985918045044,0.05625469982624054,0.006567595526576042,0.051094453781843185,0.002871202537789941,0.0012238399358466268,0.8815985918045044,0.0003897098358720541
images/val-9939.jpg,sad,0.8267698884010315,0.08876069635152817,0.03172916918992996,0.8267698884010315,0.032384324818849564,0.004877123050391674,0.013671228662133217,0.00180753692984581
images/val-6933.jpg,neutral,0.9315335750579834,0.026737617328763008,0.003437502309679985,0.02688494883477688,0.008592994883656502,0.0021586762741208076,0.9315335750579834,0.000654789968393743
images/val-3471.jpg,neutral,0.9880746006965637,0.003966221120208502,0.0016978757921606302,0.0018373022321611643,0.0027188793756067753,0.000537286454346031,0.9880746006965637,0.0011678726878017187
images/val-8836.jpg,happy,0.9927765130996704,0.00041757524013519287,0.00035050013684667647,0.0007081006187945604,0.9927765130996704,0.0008037828374654055,0.003639175556600094,0.0013043355429545045
images/val-3296.jpg,neutral,0.9644374251365662,0.0009158349712379277,0.00583557179197669,0.007211827673017979,0.014050604775547981,0.0014677029103040695,0.9644374251365662,0.006081151310354471
images/val-5108.jpg,happy,0.9935283064842224,0.001977981301024556,0.0005611186497844756,0.0004764776094816625,0.9935283064842224,0.0005176143604330719,0.0014830876607447863,0.00145534158218652
images/val-6538.jpg,happy,0.9949283599853516,0.00024086740450002253,0.0005426487769000232,0.0008848700090311468,0.9949283599853516,0.00044770684326067567,0.0017411481821909547,0.0012143587227910757
images/val-10932.jpg,angry,0.9165514707565308,0.9165514707565308,0.014178331941366196,0.0021382502745836973,0.018260743468999863,0.0052875736728310585,0.0009993745479732752,0.04258421063423157
images/val-6119.jpg,neutral,0.9622988104820251,0.0174209326505661,0.0035689754877239466,0.0041226595640182495,0.005166490562260151,0.006377996876835823,0.9622988104820251,0.0010441504418849945
images/val-7178.jpg,happy,0.9953018426895142,0.00034023282933048904,0.0002753585868049413,0.0005370870931074023,0.9953018426895142,0.0004417115414980799,0.0011586868204176426,0.0019450478721410036
images/val-8480.jpg,neutral,0.9729503989219666,0.006534686777740717,0.0034310338087379932,0.009091396816074848,0.0015972170513123274,0.0009444454335607588,0.9729503989219666,0.005450991448014975
images/val-7398.jpg,neutral,0.6813211441040039,0.08285917341709137,0.010975437238812447,0.018356097862124443,0.1836973875761032,0.016866067424416542,0.6813211441040039,0.005924672819674015
images/val-1983.jpg,fear,0.6903942823410034,0.02046465128660202,0.6903942823410034,0.19812986254692078,0.002324210712686181,0.05420664697885513,0.02885386161506176,0.005626473110169172
images/val-4062.jpg,happy,0.6660289168357849,0.2363884299993515,0.019154909998178482,0.0014024002011865377,0.6660289168357849,0.0048146373592317104,0.003036364447325468,0.0691743940114975
images/val-3682.jpg,happy,0.9951502680778503,0.0003559766337275505,0.0005238946177996695,0.0004453125293366611,0.9951502680778503,0.0005519973929040134,0.0008205116610042751,0.0021521435119211674
images/val-1050.jpg,happy,0.9954156875610352,0.00024663147632963955,0.0004014140577055514,0.0004295914259273559,0.9954156875610352,0.0004141288809478283,0.0011630358640104532,0.0019296249374747276
images/val-5540.jpg,neutral,0.9850350618362427,0.0008603467722423375,0.001118981628678739,0.0024290024302899837,0.008331826888024807,0.0012813843786716461,0.9850350618362427,0.0009432719671167433
images/val-345.jpg,sad,0.705998957157135,0.1787431240081787,0.02673703245818615,0.705998957157135,0.0036184629425406456,0.0074749053455889225,0.06126752123236656,0.01616007275879383
images/val-9639.jpg,happy,0.9949053525924683,0.0004989675362594426,0.00036956838448531926,0.0003150872653350234,0.9949053525924683,0.0006121410406194627,0.000843402580358088,0.0024555372074246407
images/val-9076.jpg,neutral,0.9343739151954651,0.010732794180512428,0.027484219521284103,0.02360890619456768,0.001342112896963954,0.0009863943560048938,0.9343739151954651,0.0014716490404680371
images/val-3771.jpg,neutral,0.9803884029388428,0.006015832535922527,0.002799961483106017,0.00771947018802166,0.0010682743741199374,0.0006992854177951813,0.9803884029388428,0.0013087473344057798
images/val-9642.jpg,happy,0.9275738596916199,0.0006384634179994464,0.0012463859748095274,0.0010129321599379182,0.9275738596916199,0.0012887466000393033,0.06393661350011826,0.004302971065044403
images/val-3609.jpg,sad,0.9305564165115356,0.0030502472072839737,0.06164224073290825,0.9305564165115356,0.0005056853406131268,0.001055241678841412,0.0023269823286682367,0.0008631378295831382
images/val-118.jpg,neutral,0.9602659940719604,0.004252093844115734,0.008967721834778786,0.021060885861516,0.003725465154275298,0.001004361896775663,0.9602659940719604,0.0007234768709167838
images/val-1164.jpg,sad,0.59711754322052,0.02636452205479145,0.06671573221683502,0.59711754322052,0.2821936309337616,0.010086573660373688,0.007202096749097109,0.010319902561604977
images/val-10340.jpg,sad,0.9867467880249023,0.003038466442376375,0.0024357575457543135,0.9867467880249023,0.0013791578821837902,0.0024106381461024284,0.00322066736407578,0.0007685169111937284
images/val-965.jpg,neutral,0.9617706537246704,0.023837173357605934,0.001298953895457089,0.0031487445812672377,0.004895316436886787,0.0026932302862405777,0.9617706537246704,0.0023559618275612593
images/val-3751.jpg,happy,0.9940821528434753,0.0003406302712392062,0.00047664495650678873,0.0006618068437092006,0.9940821528434753,0.0006992846028879285,0.0008430902380496264,0.0028962965589016676
images/val-1105.jpg,neutral,0.9382447600364685,0.0010167201980948448,0.0039468794129788876,0.004296277649700642,0.05007664114236832,0.0007738496060483158,0.9382447600364685,0.0016447841189801693
images/val-515.jpg,happy,0.5756616592407227,0.30400171875953674,0.02397572621703148,0.0229614470154047,0.5756616592407227,0.01308199018239975,0.056229330599308014,0.004088052082806826
images/val-5414.jpg,neutral,0.9850002527236938,0.0033935592509806156,0.002548794960603118,0.004784716293215752,0.001821396523155272,0.00152743817307055,0.9850002527236938,0.000923820014577359
images/val-1161.jpg,neutral,0.9345534443855286,0.022656388580799103,0.0044953422620892525,0.02996496669948101,0.006879064254462719,0.000709174491930753,0.9345534443855286,0.0007416345179080963
images/val-8424.jpg,sad,0.9717008471488953,0.005258227698504925,0.001997307874262333,0.9717008471488953,0.006381080485880375,0.0015466916374862194,0.01115355733782053,0.001962226815521717
images/val-3900.jpg,happy,0.9931736588478088,0.0002650337410159409,0.0002937651297543198,0.0004376749275252223,0.9931736588478088,0.0005544966552406549,0.0028481546323746443,0.002427205676212907
images/val-4563.jpg,happy,0.9943180680274963,0.000285560789052397,0.000463718781247735,0.0008864360279403627,0.9943180680274963,0.0004256408428773284,0.002551008015871048,0.0010696380631998181
images/val-7954.jpg,sad,0.9331766963005066,0.001573945744894445,0.0030066713225096464,0.9331766963005066,0.004488897509872913,0.0012276411289349198,0.05576516315340996,0.0007610364118590951
images/val-3511.jpg,happy,0.9949935078620911,0.0004775157431140542,0.0004660870472434908,0.0007833558483980596,0.9949935078620911,0.00031024927739053965,0.0018637151224538684,0.0011055376380681992
images/val-8835.jpg,fear,0.37899380922317505,0.32802683115005493,0.37899380922317505,0.18341442942619324,0.0010390778770670295,0.005524475127458572,0.10078375786542892,0.0022176054771989584
images/val-2168.jpg,neutral,0.9346113801002502,0.02654758282005787,0.0027708206325769424,0.005782990250736475,0.005608581937849522,0.01238239649683237,0.9346113801002502,0.012296205386519432
images/val-9356.jpg,neutral,0.9629076719284058,0.0009437791304662824,0.0014062125701457262,0.0015309721929952502,0.02978721633553505,0.0013709012418985367,0.9629076719284058,0.0020532889757305384
images/val-9441.jpg,happy,0.9938417673110962,0.0004063209635205567,0.00029464898398146033,0.0006692431052215397,0.9938417673110962,0.0006164448568597436,0.002603270811960101,0.001568286563269794
images/val-7745.jpg,happy,0.9917929768562317,0.0016934936866164207,0.0015566871734336019,0.0008269731188192964,0.9917929768562317,0.0010509667918086052,0.0005861100507900119,0.0024927668273448944
images/val-3982.jpg,happy,0.9932367205619812,0.0010052397847175598,0.000350445305230096,0.00037359839188866317,0.9932367205619812,0.0005804575048387051,0.0009652395383454859,0.0034883595071733
images/val-7750.jpg,sad,0.9620232582092285,0.02045089192688465,0.009408283978700638,0.9620232582092285,0.002606618218123913,0.0013277243124321103,0.0033955636899918318,0.0007875972078181803
images/val-6670.jpg,fear,0.6496629118919373,0.005599327851086855,0.6496629118919373,0.3143652677536011,0.011557765305042267,0.00631583109498024,0.002796970074996352,0.009701971895992756
images/val-3120.jpg,neutral,0.9522663950920105,0.020960630849003792,0.013001112267374992,0.010033923201262951,0.0021945771295577288,0.000531923258677125,0.9522663950920105,0.0010114755714312196
images/val-1546.jpg,happy,0.9632507562637329,0.0011739518959075212,0.0025099990889430046,0.010817443951964378,0.9632507562637329,0.002843207912519574,0.00808442011475563,0.011320257559418678
images/val-1589.jpg,neutral,0.807243287563324,0.12919670343399048,0.005281179212033749,0.02668970264494419,0.02893463894724846,0.001696780906058848,0.807243287563324,0.0009576495504006743
images/val-7063.jpg,happy,0.9884275794029236,0.0006394338561221957,0.00044293305836617947,0.0003454790567047894,0.9884275794029236,0.0006316193612292409,0.008222667500376701,0.001290402258746326
images/val-5805.jpg,happy,0.9775025248527527,0.0007217700476758182,0.003074601525440812,0.0017874095356091857,0.9775025248527527,0.002028506714850664,0.0021273482125252485,0.012757896445691586
images/val-6940.jpg,sad,0.6898689270019531,0.037993304431438446,0.05531924217939377,0.6898689270019531,0.00193321262486279,0.030157240107655525,0.18333175778388977,0.0013963478850200772
images/val-6736.jpg,sad,0.9487226009368896,0.009456142783164978,0.004213654436171055,0.9487226009368896,0.0007565090782009065,0.011958866380155087,0.02416994236409664,0.0007223312277346849
images/val-7652.jpg,happy,0.9951657056808472,0.0003162005159538239,0.0002824101538863033,0.0003815350937657058,0.9951657056808472,0.0004206005542073399,0.0013394979760050774,0.0020940948743373156
images/val-888.jpg,neutral,0.6175772547721863,0.12525774538516998,0.014093279838562012,0.09468091279268265,0.1430080384016037,0.003695364808663726,0.6175772547721863,0.0016873158747330308
images/val-10707.jpg,fear,0.5096884369850159,0.07459873706102371,0.5096884369850159,0.3305717408657074,0.023428473621606827,0.004774737171828747,0.05431268364191055,0.002625187858939171
images/val-10588.jpg,neutral,0.916645884513855,0.0018305976409465075,0.0036815605126321316,0.011288303881883621,0.06042909622192383,0.002591383410617709,0.916645884513855,0.0035331472754478455
images/val-1613.jpg,neutral,0.9857032895088196,0.003308224491775036,0.001633796957321465,0.0011383973760530353,0.006170320324599743,0.0010273177176713943,0.9857032895088196,0.0010186467552557588
images/val-994.jpg,happy,0.9955717325210571,0.00033838447416201234,0.00027467755717225373,0.0006217221962288022,0.9955717325210571,0.000413581175962463,0.0014845415716990829,0.0012952541001141071
images/val-6597.jpg,neutral,0.5924959182739258,0.0021084367763251066,0.0056141740642488,0.01079525239765644,0.37149590253829956,0.0008172789821401238,0.5924959182739258,0.016673000529408455
images/val-5560.jpg,happy,0.9911654591560364,0.0011374588357284665,0.00037580946809612215,0.0009342188131995499,0.9911654591560364,0.0005301034543663263,0.0027248135302215815,0.003132141660898924
images/val-1791.jpg,happy,0.9920564293861389,0.001053200801834464,0.0017871588934212923,0.0012331543257459998,0.9920564293861389,0.0007079754723235965,0.0009852803777903318,0.002176907379180193
images/val-4074.jpg,neutral,0.9557877779006958,0.02767091989517212,0.0059620714746415615,0.00730651943013072,0.0015174635918810964,0.001053585670888424,0.9557877779006958,0.0007016583112999797
images/val-3140.jpg,happy,0.9950267672538757,0.0003712054167408496,0.00035098165972158313,0.000698251009453088,0.9950267672538757,0.0005229573580436409,0.0015682500088587403,0.0014615410473197699
images/val-3117.jpg,neutral,0.9186915159225464,0.002615203382447362,0.0032114030327647924,0.011303768493235111,0.05516489967703819,0.004328577779233456,0.9186915159225464,0.004684673622250557
images/val-8787.jpg,happy,0.9932588338851929,0.0002584782778285444,0.0002592000528238714,0.0004713879316113889,0.9932588338851929,0.0004874258011113852,0.003663910087198019,0.0016006878577172756
images/val-7351.jpg,sad,0.9569205045700073,0.005540718790143728,0.014903144910931587,0.9569205045700073,0.013998634181916714,0.0017444798722863197,0.005663213320076466,0.001229353016242385
images/val-2297.jpg,neutral,0.44768524169921875,0.111702099442482,0.02797607146203518,0.2575037181377411,0.009145153686404228,0.13578058779239655,0.44768524169921875,0.010207182727754116
images/val-10943.jpg,neutral,0.7053443789482117,0.004894575569778681,0.0040186611004173756,0.23712797462940216,0.04230493679642677,0.004694696515798569,0.7053443789482117,0.0016147625865414739
images/val-3007.jpg,neutral,0.6772269010543823,0.04781891405582428,0.0603778101503849,0.17200051248073578,0.019164914265275,0.02154350094497204,0.6772269010543823,0.0018674337770789862
images/val-4564.jpg,happy,0.9933558702468872,0.001306605525314808,0.00037535809678956866,0.00046761243720538914,0.9933558702468872,0.0006319319363683462,0.0011196342529729009,0.00274300086311996
images/val-7580.jpg,angry,0.9213217496871948,0.9213217496871948,0.023551095277071,0.011686780489981174,0.03009246662259102,0.004451865330338478,0.003690345911309123,0.0052057006396353245
images/val-4093.jpg,neutral,0.9831651449203491,0.0054034339264035225,0.0033075129613280296,0.003735159756615758,0.0024380653630942106,0.0015408783219754696,0.9831651449203491,0.00040985943633131683
images/val-1236.jpg,sad,0.9437861442565918,0.009728447534143925,0.03335506469011307,0.9437861442565918,0.0025784210301935673,0.0010696216486394405,0.008822888135910034,0.0006594660226255655
images/val-7261.jpg,surprise,0.8599604368209839,0.0783032551407814,0.007998992688953876,0.0013058026088401675,0.01692810282111168,0.015335540287196636,0.020167868584394455,0.8599604368209839
images/val-9017.jpg,happy,0.9919227957725525,0.0006024881731718779,0.0002449153398629278,0.0008656110730953515,0.9919227957725525,0.00048745618551038206,0.004384183790534735,0.0014925205614417791
images/val-1605.jpg,neutral,0.9240158796310425,0.006228158250451088,0.002663214225322008,0.0625169426202774,0.0031295025255531073,0.0006557044107466936,0.9240158796310425,0.0007906889077275991
images/val-829.jpg,neutral,0.9771319031715393,0.003509264439344406,0.0008297038148157299,0.0008842698880471289,0.01191276591271162,0.0020688315853476524,0.9771319031715393,0.0036633238196372986
images/val-10685.jpg,happy,0.9298226833343506,0.020429156720638275,0.004645605105906725,0.021921364590525627,0.9298226833343506,0.009671760722994804,0.0028782649897038937,0.01063113659620285
images/val-8857.jpg,neutral,0.48074936866760254,0.014851558953523636,0.10980239510536194,0.015863174572587013,0.22602514922618866,0.010315665043890476,0.48074936866760254,0.14239266514778137
images/val-242.jpg,angry,0.4085029363632202,0.4085029363632202,0.24594667553901672,0.18382997810840607,0.014670462347567081,0.004941992461681366,0.13497667014598846,0.007131221238523722
images/val-1529.jpg,neutral,0.9593314528465271,0.0075857555493712425,0.004318533465266228,0.02349313162267208,0.002228667726740241,0.0026973772328346968,0.9593314528465271,0.00034508551470935345
images/val-3873.jpg,sad,0.9005628824234009,0.007803174201399088,0.04606190696358681,0.9005628824234009,0.0010648503666743636,0.000855851627420634,0.04310094937682152,0.0005504032596945763
images/val-2725.jpg,happy,0.9583492279052734,0.00040418573189526796,0.0004627523012459278,0.0008702917257323861,0.9583492279052734,0.0009438642300665379,0.03487272188067436,0.0040970477275550365
images/val-6659.jpg,neutral,0.9901150465011597,0.0015444668242707849,0.0022550455760210752,0.0011171719525009394,0.0031699391547590494,0.0006467354251071811,0.9901150465011597,0.0011515921214595437
images/val-7957.jpg,happy,0.9944928884506226,0.0005993127706460655,0.0002506691380403936,0.0005060790572315454,0.9944928884506226,0.00030729969148524106,0.0018966791685670614,0.0019469764083623886
images/val-7887.jpg,happy,0.9529122710227966,0.009388389997184277,0.0032114419154822826,0.0186638031154871,0.9529122710227966,0.0014308638637885451,0.012409345246851444,0.0019838965963572264
images/val-3503.jpg,happy,0.9927154183387756,0.0003318272065371275,0.0002967000473290682,0.00047188863391056657,0.9927154183387756,0.0003639574279077351,0.004518280271440744,0.0013019083999097347
images/val-6571.jpg,sad,0.9816477298736572,0.004894895013421774,0.0021413976792246103,0.9816477298736572,0.003004549304023385,0.0033334759064018726,0.004270600620657206,0.0007073061424307525
images/val-961.jpg,fear,0.6856999397277832,0.019839227199554443,0.6856999397277832,0.12417708337306976,0.04580491781234741,0.003041556105017662,0.10123585164546967,0.020201517269015312
images/val-2698.jpg,sad,0.9877005815505981,0.0015956723364070058,0.0020171937067061663,0.9877005815505981,0.0016107307747006416,0.001569607062265277,0.004688931163400412,0.0008172779926098883
images/val-6210.jpg,happy,0.995148241519928,0.00034807564225047827,0.0004832270788028836,0.000525592069607228,0.995148241519928,0.0005826177075505257,0.0009032352827489376,0.002009006915614009
images/val-36.jpg,happy,0.9947825074195862,0.0006840095156803727,0.0003871365333907306,0.0005695998552255332,0.9947825074195862,0.000530207937117666,0.001787383807823062,0.0012591836275532842
images/val-6397.jpg,happy,0.7930644750595093,0.0007183996494859457,0.0030972776003181934,0.016607090830802917,0.7930644750595093,0.002433358458802104,0.1808321624994278,0.003247200744226575
images/val-4346.jpg,neutral,0.9069854021072388,0.0009272369206883013,0.0073971226811409,0.012289376929402351,0.06929609179496765,0.0013422773918136954,0.9069854021072388,0.0017625330947339535
images/val-7455.jpg,happy,0.6720532178878784,0.004607357084751129,0.009058966301381588,0.2500018775463104,0.6720532178878784,0.0036418752279132605,0.048377830535173416,0.01225890964269638
images/val-4674.jpg,happy,0.9929701685905457,0.0004647435271181166,0.0006897697458043694,0.0005396851920522749,0.9929701685905457,0.0006327361916191876,0.0008177906274795532,0.0038850221317261457
images/val-6931.jpg,sad,0.9217020869255066,0.008025488816201687,0.00416466873139143,0.9217020869255066,0.0021328015718609095,0.00362782902084291,0.05955947935581207,0.0007875818409956992
images/val-9106.jpg,sad,0.765328586101532,0.008779443800449371,0.01643148995935917,0.765328586101532,0.05389266833662987,0.01260889507830143,0.14201486110687256,0.0009440655703656375
images/val-7974.jpg,fear,0.4492008686065674,0.10687127709388733,0.4492008686065674,0.014766274951398373,0.26625534892082214,0.005622536409646273,0.06288479268550873,0.09439893811941147
images/val-2537.jpg,neutral,0.9861251711845398,0.0014309192774817348,0.001270659384317696,0.0063849519938230515,0.0032819968182593584,0.000840763736050576,0.9861251711845398,0.0006655948236584663
images/val-3112.jpg,neutral,0.9644319415092468,0.0049981228075921535,0.016675224527716637,0.008450350724160671,0.0037565657403320074,0.0010237154783681035,0.9644319415092468,0.0006641180953010917
images/val-4862.jpg,happy,0.9948864579200745,0.00032180597190745175,0.00031196363852359354,0.0004060617065988481,0.9948864579200745,0.00042733168811537325,0.0014059325912967324,0.0022404275368899107
images/val-3567.jpg,sad,0.6978046894073486,0.011873056180775166,0.002693299436941743,0.6978046894073486,0.009528471156954765,0.0077616446651518345,0.2682880461215973,0.0020507730077952147
images/val-959.jpg,sad,0.41787487268447876,0.41410529613494873,0.0934399887919426,0.41787487268447876,0.03507236763834953,0.022211141884326935,0.00567105645313859,0.01162539329379797
images/val-9490.jpg,happy,0.994721531867981,0.00038007841794751585,0.00026444598915986717,0.00033502315636724234,0.994721531867981,0.0005129074561409652,0.0012599244946613908,0.0025260986294597387
images/val-8884.jpg,happy,0.9954875111579895,0.00038322460022754967,0.00037228388828225434,0.00036193360574543476,0.9954875111579895,0.0005220985040068626,0.001271821791306138,0.0016010752879083157
images/val-999.jpg,fear,0.9396985173225403,0.0023717577569186687,0.9396985173225403,0.02682182937860489,0.002287895418703556,0.00034865684574469924,0.026346012949943542,0.0021253060549497604
images/val-5139.jpg,angry,0.9266602993011475,0.9266602993011475,0.010339509695768356,0.0008587423362769186,0.008048438467085361,0.012955751270055771,0.012773904949426651,0.028363225981593132
images/val-937.jpg,happy,0.99196457862854,0.000647783512249589,0.00042531199869699776,0.0002547498734202236,0.99196457862854,0.0004202188865747303,0.0018845500890165567,0.004402810707688332
images/val-822.jpg,neutral,0.9728565216064453,0.0026561792474240065,0.001962861977517605,0.00240642623975873,0.015448620542883873,0.0028250969480723143,0.9728565216064453,0.001844325102865696
images/val-9572.jpg,happy,0.9850008487701416,0.0005775897298008204,0.00036422041011974216,0.000423093035351485,0.9850008487701416,0.0007518437341786921,0.009981516748666763,0.0029009191785007715
images/val-7812.jpg,sad,0.9805276393890381,0.005956784822046757,0.0024704751558601856,0.9805276393890381,0.002887304639443755,0.0046247635036706924,0.002220605267211795,0.0013124431716278195
images/val-8239.jpg,happy,0.9957547187805176,0.00043103742063976824,0.0003236259799450636,0.0004039705963805318,0.9957547187805176,0.0003996865125373006,0.0009511829703114927,0.0017357667675241828
images/val-8702.jpg,happy,0.9941719174385071,0.0005031526670791209,0.000356131698936224,0.0006627243710681796,0.9941719174385071,0.0008905878639779985,0.0011619178112596273,0.002253537531942129
images/val-2580.jpg,sad,0.9523433446884155,0.009963073767721653,0.012379342690110207,0.9523433446884155,0.013849861919879913,0.0015120874159038067,0.0023669556248933077,0.00758524052798748
images/val-932.jpg,sad,0.9478538632392883,0.0014816339826211333,0.008076951839029789,0.9478538632392883,0.014751561917364597,0.004256063606590033,0.015769919380545616,0.0078099495731294155
images/val-8321.jpg,neutral,0.9913181066513062,0.0013196696527302265,0.001957089174538851,0.0014439054066315293,0.0018639161717146635,0.0008944020373746753,0.9913181066513062,0.0012030405923724174
images/val-1313.jpg,sad,0.8007420897483826,0.01247718371450901,0.0056009613908827305,0.8007420897483826,0.057108912616968155,0.010196533054113388,0.10867729038000107,0.005197024438530207
images/val-3045.jpg,sad,0.7710887789726257,0.006004145834594965,0.1589871197938919,0.7710887789726257,0.0016822131583467126,0.01889852248132229,0.04198939725756645,0.0013498793123289943
images/val-1123.jpg,neutral,0.9808837175369263,0.0038758534938097,0.002939627505838871,0.010293041355907917,0.0007662284187972546,0.0005806665285490453,0.9808837175369263,0.000660884368699044
images/val-9750.jpg,neutral,0.5747928023338318,0.2525589168071747,0.0012302801478654146,0.12378689646720886,0.032506655901670456,0.009642302058637142,0.5747928023338318,0.005482104141265154
images/val-1114.jpg,neutral,0.9898765683174133,0.00172614143230021,0.0016517966287210584,0.0015046399785205722,0.0029007671400904655,0.0006807094905525446,0.9898765683174133,0.0016593285836279392
images/val-3854.jpg,neutral,0.9612781405448914,0.01307185459882021,0.009065759368240833,0.010481145232915878,0.004031429998576641,0.0012769310269504786,0.9612781405448914,0.0007946487748995423
images/val-6616.jpg,happy,0.9952961802482605,0.0003718160151038319,0.00031341941212303936,0.0003411293728277087,0.9952961802482605,0.0005760812200605869,0.0015069086803123355,0.0015943489270284772
images/val-1965.jpg,happy,0.9505001902580261,0.03431224822998047,0.001851209788583219,0.0030989455990493298,0.9505001902580261,0.0030381111428141594,0.0040439129807055,0.003155399113893509
images/val-9334.jpg,sad,0.5551748871803284,0.01738799922168255,0.02839256264269352,0.5551748871803284,0.2577012777328491,0.011294099502265453,0.05113959312438965,0.0789095088839531
images/val-4034.jpg,happy,0.9946557283401489,0.0007349057705141604,0.00039355826447717845,0.000429303094279021,0.9946557283401489,0.00045903236605226994,0.0006732933688908815,0.00265427865087986
images/val-9486.jpg,angry,0.9641038775444031,0.9641038775444031,0.007122702896595001,0.006196844857186079,0.008368928916752338,0.0028436086140573025,0.009655438363552094,0.001708658062852919
images/val-9741.jpg,sad,0.8303053379058838,0.07605095207691193,0.01118006743490696,0.8303053379058838,0.0025339426938444376,0.0024886152241379023,0.07637904584407806,0.0010620788671076298
images/val-652.jpg,angry,0.9400708079338074,0.9400708079338074,0.00889250822365284,0.006120909471064806,0.0014385884860530496,0.040293462574481964,0.0022737591061741114,0.0009099420276470482
images/val-10148.jpg,sad,0.46460825204849243,0.07973962277173996,0.030498163774609566,0.46460825204849243,0.0030315350741147995,0.0007358450093306601,0.42094990611076355,0.0004366166249383241
images/val-1344.jpg,happy,0.9499840140342712,0.00272028474137187,0.003772204043343663,0.008149665780365467,0.9499840140342712,0.0007946460391394794,0.032241228967905045,0.002337898826226592
images/val-6869.jpg,neutral,0.9690169095993042,0.0012319143861532211,0.0011361927026882768,0.0012627465184777975,0.022059466689825058,0.001083554932847619,0.9690169095993042,0.004209281411021948
images/val-9563.jpg,happy,0.9949453473091125,0.00033654680009931326,0.00038779506576247513,0.00046741944970563054,0.9949453473091125,0.0005292957648634911,0.0021670381538569927,0.001166455913335085
images/val-9261.jpg,happy,0.8994516134262085,0.05126528814435005,0.0011175014078617096,0.005046514794230461,0.8994516134262085,0.0039106570184230804,0.03572482243180275,0.003483572043478489
images/val-8566.jpg,neutral,0.9904990792274475,0.0019045984372496605,0.002286370377987623,0.0016853527631610632,0.002482540672644973,0.0004681158170569688,0.9904990792274475,0.0006739929667674005
images/val-5184.jpg,happy,0.692071259021759,0.1313268542289734,0.015696441754698753,0.006467998959124088,0.692071259021759,0.004331164062023163,0.10059475898742676,0.049511536955833435
images/val-4273.jpg,sad,0.985267162322998,0.004430783446878195,0.005506205838173628,0.985267162322998,0.0011216719867661595,0.0018723036628216505,0.0013655752409249544,0.00043632302549667656
images/val-3347.jpg,happy,0.9915137887001038,0.00073970080120489,0.00035682987072505057,0.0005954962689429522,0.9915137887001038,0.00045007935841567814,0.0030483754817396402,0.0032958469819277525
images/val-5148.jpg,happy,0.9944657683372498,0.00030236796010285616,0.00024066909099929035,0.000364891515346244,0.9944657683372498,0.0003929318627342582,0.0025378651916980743,0.0016954424791038036
images/val-3911.jpg,happy,0.9939602613449097,0.000564563786610961,0.0003960304311476648,0.000414632580941543,0.9939602613449097,0.0004000652697868645,0.0031280191615223885,0.0011365863028913736
images/val-4352.jpg,happy,0.9950390458106995,0.00041241839062422514,0.00036420588730834424,0.0004723162855952978,0.9950390458106995,0.000333034317009151,0.0016643078997731209,0.0017146416939795017
images/val-6485.jpg,sad,0.9405255913734436,0.0028781986329704523,0.0075714741833508015,0.9405255913734436,0.010527826845645905,0.0037727009039372206,0.03359329700469971,0.0011309616966173053
images/val-2145.jpg,angry,0.715620219707489,0.715620219707489,0.17320452630519867,0.06540107727050781,0.015087379142642021,0.01514819823205471,0.007597596850246191,0.007941069081425667
images/val-10576.jpg,sad,0.8976987600326538,0.02698231115937233,0.009310114197432995,0.8976987600326538,0.0006413510418497026,0.007908541709184647,0.05680321529507637,0.0006556385778822005
images/val-4916.jpg,neutral,0.9877867102622986,0.002316711936146021,0.004762703087180853,0.0018317877547815442,0.0016584765398874879,0.0007504053646698594,0.9877867102622986,0.0008931763586588204
images/val-7492.jpg,happy,0.9872733354568481,0.0017324170330539346,0.0003503670741338283,0.0006779324030503631,0.9872733354568481,0.0006555614527314901,0.006929374299943447,0.0023810637649148703
images/val-5181.jpg,happy,0.9771564602851868,0.00032145282602868974,0.00033975113183259964,0.0007110038422979414,0.9771564602851868,0.0006150424014776945,0.018908532336354256,0.0019477671012282372
images/val-1189.jpg,happy,0.9958706498146057,0.00035020525683648884,0.00033840761170722544,0.0004853774735238403,0.9958706498146057,0.00046270297025330365,0.0010327858617529273,0.0014597767731174827
images/val-153.jpg,sad,0.3059881925582886,0.26219233870506287,0.28003770112991333,0.3059881925582886,0.0031879274174571037,0.0028975182212889194,0.13674822449684143,0.008948122151196003
images/val-7509.jpg,happy,0.9954521059989929,0.00031836421112529933,0.00033014785731211305,0.0004194331995677203,0.9954521059989929,0.00043759262189269066,0.0016472850693389773,0.0013949867570772767
images/val-10178.jpg,happy,0.986772358417511,0.0005079543334431946,0.0009012512164190412,0.0005145780160091817,0.986772358417511,0.0004638871760107577,0.000994319561868906,0.00984566193073988
images/val-9225.jpg,angry,0.5485027432441711,0.5485027432441711,0.0272134467959404,0.40879109501838684,0.0009893043898046017,0.003793000942096114,0.008606922812759876,0.0021035231184214354
images/val-1639.jpg,sad,0.9236410856246948,0.022035639733076096,0.03158927336335182,0.9236410856246948,0.0006515713175758719,0.007927845232188702,0.007971659302711487,0.00618289178237319
images/val-1201.jpg,neutral,0.9649826884269714,0.01319408230483532,0.008740856312215328,0.0024641624186187983,0.007595465052872896,0.0005158791900612414,0.9649826884269714,0.0025068505201488733
images/val-8809.jpg,sad,0.950591504573822,0.027455484494566917,0.0030221303459256887,0.950591504573822,0.0012653477024286985,0.010445822030305862,0.006442272569984198,0.0007773921242915094
images/val-3493.jpg,angry,0.694142758846283,0.694142758846283,0.028070498257875443,0.03383437171578407,0.20919056236743927,0.01334806252270937,0.017401695251464844,0.004012016113847494
images/val-8289.jpg,neutral,0.9611178636550903,0.0032524834387004375,0.013597317971289158,0.01842600852251053,0.0012479890137910843,0.0018020968418568373,0.9611178636550903,0.0005561915459111333
images/val-10670.jpg,neutral,0.9252490997314453,0.00937391072511673,0.0430305041372776,0.003665414173156023,0.011989026330411434,0.0023125733714550734,0.9252490997314453,0.004379498306661844
images/val-2171.jpg,happy,0.9945381283760071,0.0003667953424155712,0.00026061906828545034,0.0003006024344358593,0.9945381283760071,0.00044253672240301967,0.0021875081583857536,0.0019038125174120069
images/val-5719.jpg,neutral,0.9708060622215271,0.0013626900035887957,0.0035612466745078564,0.0034630342852324247,0.017317870631814003,0.0017373253358528018,0.9708060622215271,0.0017516945954412222
images/val-1128.jpg,happy,0.9934265613555908,0.00024760302039794624,0.0004318874853197485,0.0004822190385311842,0.9934265613555908,0.00033870269544422626,0.0031752213835716248,0.0018977605504915118
images/val-4003.jpg,angry,0.77678382396698,0.77678382396698,0.013936923816800117,0.1707180142402649,0.02358376421034336,0.0026017159689217806,0.007187076844274998,0.005188734736293554
images/val-6055.jpg,neutral,0.38935017585754395,0.23958487808704376,0.12462268769741058,0.22495000064373016,0.003172171302139759,0.00524412514641881,0.38935017585754395,0.013076000846922398
images/val-4670.jpg,neutral,0.9898092746734619,0.0014685579808428884,0.0015760730020701885,0.0010058326879516244,0.003939901012927294,0.0010099784703925252,0.9898092746734619,0.0011904786806553602
images/val-2585.jpg,sad,0.9233731031417847,0.0057646241039037704,0.006947024259716272,0.9233731031417847,0.029340945184230804,0.0031174675095826387,0.020043672993779182,0.011413252912461758
images/val-7180.jpg,sad,0.4794826805591583,0.015145126730203629,0.10113556683063507,0.4794826805591583,0.0036560422740876675,0.0063505955040454865,0.39340052008628845,0.0008294626604765654
images/val-8901.jpg,neutral,0.9787171483039856,0.0014009069418534636,0.0007122745155356824,0.0013900075573474169,0.014715280383825302,0.0015653095906600356,0.9787171483039856,0.0014991001226007938
images/val-4957.jpg,angry,0.7407278418540955,0.7407278418540955,0.06382745504379272,0.13836461305618286,0.013965821824967861,0.0010284128366038203,0.0387561097741127,0.0033298085909336805
images/val-10022.jpg,happy,0.4762074053287506,0.12082084268331528,0.24434424936771393,0.07195603102445602,0.4762074053287506,0.0191036369651556,0.012971791438758373,0.05459599196910858
images/val-8667.jpg,happy,0.9934332370758057,0.0007262859726324677,0.0004672180220950395,0.0002696056617423892,0.9934332370758057,0.0006549665704369545,0.0027095116674900055,0.0017390905413776636
images/val-129.jpg,fear,0.6321134567260742,0.06366842985153198,0.6321134567260742,0.0809260904788971,0.001984118716791272,0.004309358540922403,0.21191944181919098,0.005079065449535847
images/val-9087.jpg,neutral,0.4238140881061554,0.3612508773803711,0.03276965394616127,0.013593955896794796,0.15413756668567657,0.008106240071356297,0.4238140881061554,0.006327630486339331
images/val-4906.jpg,neutral,0.5935965776443481,0.3366900086402893,0.0034952496644109488,0.01360160019248724,0.03942910581827164,0.005056902766227722,0.5935965776443481,0.008130481466650963
images/val-1698.jpg,happy,0.9952360987663269,0.0004218161338940263,0.0003625096578616649,0.00035565425059758127,0.9952360987663269,0.0004822579794563353,0.0011573982192203403,0.001984285656362772
images/val-2201.jpg,happy,0.9948374629020691,0.00038015891914255917,0.0002676135045476258,0.0003251231391914189,0.9948374629020691,0.0005551308277063072,0.0014230877859517932,0.0022114107850939035
images/val-10910.jpg,neutral,0.5878341197967529,0.058235425502061844,0.001202684361487627,0.02053729072213173,0.32644081115722656,0.0038893758319318295,0.5878341197967529,0.0018603198695927858
images/val-1892.jpg,neutral,0.8679447770118713,0.07739581912755966,0.0016639269888401031,0.0069931489415466785,0.04059011489152908,0.0027900582645088434,0.8679447770118713,0.0026221745647490025
images/val-1754.jpg,sad,0.9368013143539429,0.007966501638293266,0.004572797100991011,0.9368013143539429,0.0011998788686469197,0.010232435539364815,0.03874631226062775,0.0004807717923540622
images/val-10816.jpg,angry,0.9723221063613892,0.9723221063613892,0.012212881818413734,0.002772287232801318,0.0011335232993587852,0.002212010556831956,0.00542712677270174,0.0039200689643621445
images/val-2547.jpg,sad,0.9706087112426758,0.0074965450912714005,0.009248113259673119,0.9706087112426758,0.002723719459027052,0.0009804477449506521,0.008638879284262657,0.0003036267589777708
images/val-4463.jpg,sad,0.9214784502983093,0.01868383400142193,0.003614466404542327,0.9214784502983093,0.0019533757586032152,0.004958600737154484,0.04873056337237358,0.0005807194975204766
images/val-4617.jpg,neutral,0.931801974773407,0.043304599821567535,0.004254567436873913,0.006321148481220007,0.009336632676422596,0.0005427944706752896,0.931801974773407,0.004438189323991537
images/val-9910.jpg,happy,0.5638682246208191,0.021565308794379234,0.06881300359964371,0.22647476196289062,0.5638682246208191,0.013526278547942638,0.10353021323680878,0.002222219482064247
images/val-3451.jpg,happy,0.6150296926498413,0.004511043429374695,0.004016266670078039,0.008324382826685905,0.6150296926498413,0.0025149472057819366,0.3615466058254242,0.0040571196004748344
images/val-5618.jpg,happy,0.9953789710998535,0.0002771186991594732,0.0003369592595845461,0.0004050545103382319,0.9953789710998535,0.0004479106573853642,0.0013132155872881413,0.0018407381139695644
images/val-3336.jpg,happy,0.9913061261177063,0.0016827768413349986,0.0004987293505109847,0.0004998057265765965,0.9913061261177063,0.0007569614099338651,0.0006135049625299871,0.004642052575945854
images/val-10392.jpg,happy,0.8573554754257202,0.06677006930112839,0.005364691372960806,0.007833202369511127,0.8573554754257202,0.005104945506900549,0.03368568420410156,0.023885993286967278
images/val-4326.jpg,angry,0.6187567114830017,0.6187567114830017,0.2447441965341568,0.04087306931614876,0.0018465693574398756,0.008304525166749954,0.00991912093013525,0.07555581629276276
images/val-8281.jpg,happy,0.6871844530105591,0.003997657913714647,0.005054947454482317,0.0010017910972237587,0.6871844530105591,0.0027672145515680313,0.2876504957675934,0.012343518435955048
images/val-8005.jpg,neutral,0.6045410633087158,0.06893288344144821,0.24134930968284607,0.04801754280924797,0.004043185152113438,0.024727338925004005,0.6045410633087158,0.008388731628656387
images/val-4115.jpg,happy,0.6777216196060181,0.010055852122604847,0.009324143640697002,0.009744245558977127,0.6777216196060181,0.004979299381375313,0.26532748341560364,0.02284739911556244
images/val-833.jpg,happy,0.9954788684844971,0.0004966725246049464,0.00031657860381528735,0.0003554473805706948,0.9954788684844971,0.00042621171451173723,0.0015530330128967762,0.0013731811195611954
images/val-1513.jpg,happy,0.9953781366348267,0.0004443606303539127,0.00030242264620028436,0.0006230283179320395,0.9953781366348267,0.0006937875878065825,0.0014059311943128705,0.0011522690765559673
images/val-10393.jpg,happy,0.9950621724128723,0.00033598821028135717,0.0003521233156789094,0.00041287956992164254,0.9950621724128723,0.0004865805385634303,0.0010905361268669367,0.0022596786729991436
images/val-10713.jpg,angry,0.938523530960083,0.938523530960083,0.0053411670960485935,0.014515080489218235,0.015314497984945774,0.009310644119977951,0.016294797882437706,0.0007003777427598834
images/val-4534.jpg,neutral,0.8383488059043884,0.024940073490142822,0.08117866516113281,0.03225225210189819,0.01519792340695858,0.0016316401306539774,0.8383488059043884,0.006450610235333443
images/val-723.jpg,neutral,0.9629520773887634,0.005347417667508125,0.0018789666937664151,0.015277085825800896,0.012395168654620647,0.0012437993427738547,0.9629520773887634,0.000905520748347044
images/val-59.jpg,happy,0.995525062084198,0.0002951359492726624,0.0003534457937348634,0.00035031046718358994,0.995525062084198,0.0004845704243052751,0.0011324182851240039,0.0018590246327221394
images/val-5465.jpg,happy,0.7003355622291565,0.012563485652208328,0.0029586544260382652,0.017771216109395027,0.7003355622291565,0.00284781726077199,0.26113981008529663,0.002383424900472164
images/val-2144.jpg,sad,0.39029765129089355,0.014769302681088448,0.11411583423614502,0.39029765129089355,0.207368865609169,0.003836647607386112,0.2420889437198639,0.02752278372645378
images/val-10439.jpg,neutral,0.9106211066246033,0.011895712465047836,0.003201887710019946,0.045628007501363754,0.011339716613292694,0.009322576224803925,0.9106211066246033,0.007990975864231586
images/val-4292.jpg,neutral,0.989849328994751,0.0016845925711095333,0.0012809649342671037,0.002888479270040989,0.002499341731891036,0.0012281875824555755,0.989849328994751,0.000569113646633923
images/val-2648.jpg,happy,0.9934672713279724,0.0004568371223285794,0.0008466653525829315,0.0013514179736375809,0.9934672713279724,0.0005036339862272143,0.0022209221497178078,0.0011532821226865053
images/val-7240.jpg,sad,0.9602054357528687,0.027827952057123184,0.004188851919025183,0.9602054357528687,0.0009963614866137505,0.001413546735420823,0.004515893291682005,0.0008519109105691314
images/val-9039.jpg,neutral,0.9479287266731262,0.0012388548348098993,0.0019451817497611046,0.004190622363239527,0.0421709306538105,0.0009433270315639675,0.9479287266731262,0.0015823803842067719
images/val-7008.jpg,happy,0.9622425436973572,0.013498359359800816,0.006074870005249977,0.0025827146600931883,0.9622425436973572,0.004948815796524286,0.003005465492606163,0.007647151593118906
images/val-9190.jpg,happy,0.9865938425064087,0.0006388172623701394,0.0005658749141730368,0.00021508330246433616,0.9865938425064087,0.0015412757638841867,0.002395773772150278,0.008049334399402142
images/val-159.jpg,happy,0.9944154024124146,0.0005766169633716345,0.0004730852378997952,0.0005521692801266909,0.9944154024124146,0.00045640525058843195,0.0018758095102384686,0.001650522812269628
images/val-10782.jpg,sad,0.4076458215713501,0.009847033768892288,0.003117181593552232,0.4076458215713501,0.18189290165901184,0.0070525845512747765,0.38883793354034424,0.0016065376112237573
images/val-1233.jpg,neutral,0.9657459259033203,0.0029073094483464956,0.0063413698226213455,0.0221994798630476,0.0010627288138493896,0.0006265147239901125,0.9657459259033203,0.0011167487828060985
images/val-2443.jpg,angry,0.9614754319190979,0.9614754319190979,0.007828564383089542,0.0016921531641855836,0.0032878548372536898,0.011289103887975216,0.0011595041723921895,0.013267328962683678
images/val-8939.jpg,happy,0.9951015114784241,0.00031694304198026657,0.00042514788219705224,0.0004263993469066918,0.9951015114784241,0.0005312567809596658,0.001128834905102849,0.002069845562800765
images/val-591.jpg,neutral,0.928257167339325,0.0156685970723629,0.018268633633852005,0.03398384526371956,0.00161799939814955,0.0007777487626299262,0.928257167339325,0.0014259850140661001
images/val-6050.jpg,happy,0.9943848848342896,0.0004464412049856037,0.00024832168128341436,0.00037326966412365437,0.9943848848342896,0.0004263135779183358,0.002593357115983963,0.0015273436438292265
images/val-9544.jpg,angry,0.4656319320201874,0.4656319320201874,0.2978065013885498,0.04941413179039955,0.001402563531883061,0.009044780395925045,0.17356301844120026,0.0031370229553431273
images/val-9053.jpg,neutral,0.8118703961372375,0.07455139607191086,0.08418720215559006,0.016691870987415314,0.004678623750805855,0.0011815825710073113,0.8118703961372375,0.006838922388851643
images/val-2427.jpg,neutral,0.6324751973152161,0.32126694917678833,0.018969424068927765,0.011891290545463562,0.010245765559375286,0.0030008237808942795,0.6324751973152161,0.00215056911110878
images/val-7042.jpg,happy,0.9871535897254944,0.0008037606603465974,0.0002549968776293099,0.00035230262437835336,0.9871535897254944,0.0005927817546762526,0.007859042845666409,0.002983590355142951
images/val-2089.jpg,neutral,0.9358183145523071,0.0009898747084662318,0.006780263502150774,0.004164895508438349,0.044860485941171646,0.0024449138436466455,0.9358183145523071,0.004941202700138092
images/val-686.jpg,happy,0.784394383430481,0.0010486611863598228,0.002323195105418563,0.0019906165543943644,0.784394383430481,0.001121352892369032,0.2008419632911682,0.008279836736619473
images/val-5051.jpg,sad,0.866293728351593,0.0022843831684440374,0.006806165911257267,0.866293728351593,0.002728660125285387,0.0015454646199941635,0.11992355436086655,0.00041805478394962847
images/val-5975.jpg,sad,0.5410734415054321,0.23683321475982666,0.040011171251535416,0.5410734415054321,0.09007576107978821,0.06360810995101929,0.009248679503798485,0.019149618223309517
images/val-654.jpg,neutral,0.9306515455245972,0.040312509983778,0.0031983135268092155,0.00937887653708458,0.014737210236489773,0.0009110952960327268,0.9306515455245972,0.0008105678134597838
images/val-5863.jpg,happy,0.9484367370605469,0.0017717641312628984,0.0005180839216336608,0.0013449778780341148,0.9484367370605469,0.001216843375004828,0.02524799481034279,0.02146357297897339
images/val-3442.jpg,happy,0.9874444007873535,0.001172982039861381,0.0011134124360978603,0.00048200806486420333,0.9874444007873535,0.0006841127760708332,0.0014956218656152487,0.007607406936585903
images/val-4089.jpg,happy,0.9937700629234314,0.0006259364890865982,0.00020516649237833917,0.00041875263559632003,0.9937700629234314,0.0004960913793183863,0.0029638924170285463,0.0015200278721749783
images/val-1685.jpg,sad,0.9871695041656494,0.0016248275060206652,0.002959243720397353,0.9871695041656494,0.0016786002088338137,0.0017233813414350152,0.0041774301789700985,0.0006669983267784119
images/val-5795.jpg,neutral,0.9100096225738525,0.045786868780851364,0.02326376363635063,0.008657433092594147,0.0011701006442308426,0.003516170661896467,0.9100096225738525,0.007595946080982685
images/val-9174.jpg,happy,0.9940768480300903,0.0002973575610667467,0.00030788674484938383,0.00046185217797756195,0.9940768480300903,0.0004293359233997762,0.002859296975657344,0.0015675837639719248
images/val-10680.jpg,fear,0.3599441349506378,0.058477092534303665,0.3599441349506378,0.08028434216976166,0.005976899992674589,0.04784977436065674,0.13029789924621582,0.31716984510421753
images/val-10169.jpg,happy,0.7304942607879639,0.0007472591823898256,0.001818380318582058,0.006052487529814243,0.7304942607879639,0.0016184195410460234,0.2559863328933716,0.0032827735412865877
images/val-2533.jpg,happy,0.5606387853622437,0.0035648602060973644,0.024112354964017868,0.16807444393634796,0.5606387853622437,0.0025860448367893696,0.2304164618253708,0.010607000440359116
images/val-3879.jpg,neutral,0.7385223507881165,0.02090821973979473,0.027558309957385063,0.027441510930657387,0.17724747955799103,0.0008215912384912372,0.7385223507881165,0.0075005292892456055
images/val-2663.jpg,neutral,0.9420385360717773,0.03631311282515526,0.013141780160367489,0.004199545830488205,0.0019343630410730839,0.000964799546636641,0.9420385360717773,0.0014079358661547303
images/val-2901.jpg,neutral,0.9354458451271057,0.0008941109990701079,0.0017172785010188818,0.029165294021368027,0.027186742052435875,0.002509158570319414,0.9354458451271057,0.003081417875364423
images/val-6756.jpg,neutral,0.983953058719635,0.0032288352958858013,0.0007994465995579958,0.002119974931702018,0.007202317472547293,0.0019866949878633022,0.983953058719635,0.0007096788613125682
images/val-407.jpg,neutral,0.987143337726593,0.0015048397472128272,0.0014732866548001766,0.001316022826358676,0.0036029203329235315,0.0014438197249546647,0.987143337726593,0.003515787422657013
images/val-2939.jpg,sad,0.5175483226776123,0.01804676651954651,0.03409525007009506,0.5175483226776123,0.0018356923246756196,0.0018768951995298266,0.42624250054359436,0.00035453951568342745
images/val-5443.jpg,sad,0.9845798015594482,0.0021610583644360304,0.0015945249469950795,0.9845798015594482,0.0019288344774395227,0.0028958048205822706,0.006061075255274773,0.0007788454531691968
images/val-6746.jpg,sad,0.945928156375885,0.0028541735373437405,0.026500077918171883,0.945928156375885,0.000658747332636267,0.0005506922607310116,0.022648336365818977,0.0008597918204031885
images/val-4066.jpg,neutral,0.9903361797332764,0.0013617485528811812,0.0016393171390518546,0.002823801012709737,0.0019190479069948196,0.0007645644363947213,0.9903361797332764,0.001155325211584568
images/val-10812.jpg,happy,0.9255781173706055,0.0004980040830560029,0.0008457814110442996,0.0008670043898746371,0.9255781173706055,0.0013242649147287011,0.06733778119087219,0.0035490337759256363
images/val-2609.jpg,neutral,0.9885023832321167,0.0021400554105639458,0.0015013959491625428,0.001170349307358265,0.0044234748929739,0.0012014559470117092,0.9885023832321167,0.0010608965530991554
images/val-1772.jpg,happy,0.995205283164978,0.0004464196099434048,0.0003933489497285336,0.00044187638559378684,0.995205283164978,0.0007542625535279512,0.001279427669942379,0.0014793532900512218
images/val-6268.jpg,happy,0.9931185245513916,0.0002492916537448764,0.00030810313182882965,0.0005730342818424106,0.9931185245513916,0.00046097891754470766,0.003456435864791274,0.0018335707718506455
images/val-635.jpg,happy,0.993130624294281,0.0008262566989287734,0.0005303775542415679,0.0007878945907577872,0.993130624294281,0.0006635882891714573,0.0006692934548482299,0.003391952021047473
images/val-7712.jpg,happy,0.9935775995254517,0.0004319523577578366,0.0005145341856405139,0.0006436820258386433,0.9935775995254517,0.00033217750024050474,0.001612817752175033,0.0028871260583400726
images/val-3645.jpg,happy,0.9949211478233337,0.00035412536817602813,0.00024375000793952495,0.000403280952014029,0.9949211478233337,0.0004955721669830382,0.0022410631645470858,0.0013411813415586948
images/val-3270.jpg,sad,0.82713383436203,0.003475369419902563,0.13274365663528442,0.82713383436203,0.003131681587547064,0.0017085931031033397,0.030434241518378258,0.0013725730823352933
images/val-7542.jpg,angry,0.872148334980011,0.872148334980011,0.031589146703481674,0.04786885157227516,0.018912680447101593,0.009886939078569412,0.008952888660132885,0.010641098953783512
images/val-5729.jpg,sad,0.9845491647720337,0.0030080508440732956,0.0038946187123656273,0.9845491647720337,0.0016082703368738294,0.0009363371063955128,0.005477743223309517,0.0005257590673863888
images/val-5001.jpg,happy,0.9926048517227173,0.0011316664749756455,0.0007735421531833708,0.0008682151674292982,0.9926048517227173,0.0007409991230815649,0.001881744829006493,0.0019990280270576477
images/val-3729.jpg,happy,0.9938536882400513,0.0014300568727776408,0.0007492776494473219,0.0008274292922578752,0.9938536882400513,0.0004063169180881232,0.0009190200944431126,0.0018142061308026314
images/val-3653.jpg,angry,0.9007561802864075,0.9007561802864075,0.014409761875867844,0.062297772616147995,0.003285673912614584,0.0028707587625831366,0.011510703712701797,0.0048692370764911175
images/val-388.jpg,neutral,0.9282172322273254,0.001091966056264937,0.002251233207061887,0.001862314180471003,0.06315569579601288,0.0013228870229795575,0.9282172322273254,0.0020987221505492926
images/val-3165.jpg,neutral,0.5780924558639526,0.003931029699742794,0.007085875142365694,0.4034334123134613,0.004112930037081242,0.0026935478672385216,0.5780924558639526,0.0006508093792945147
images/val-6529.jpg,sad,0.9634521007537842,0.006831011734902859,0.017656635493040085,0.9634521007537842,0.0003973672864958644,0.0031665994320064783,0.007834781892597675,0.0006614441517740488
images/val-5379.jpg,neutral,0.9895050525665283,0.001712655182927847,0.0018057373818010092,0.0026577613316476345,0.0030911003705114126,0.0007513136952184141,0.9895050525665283,0.00047638340038247406
images/val-4565.jpg,sad,0.8875113129615784,0.08376021683216095,0.01599092036485672,0.8875113129615784,0.0034677833318710327,0.0020782079081982374,0.003871612949296832,0.0033198492601513863
images/val-1138.jpg,happy,0.9667307734489441,0.0006967041408643126,0.0005399251822382212,0.000749942846596241,0.9667307734489441,0.0009141324553638697,0.028137680143117905,0.0022308507468551397
images/val-4574.jpg,neutral,0.23990684747695923,0.1046571210026741,0.1479000747203827,0.21514898538589478,0.2128133326768875,0.008242093026638031,0.23990684747695923,0.07133159786462784
images/val-5754.jpg,fear,0.7027276754379272,0.0167421642690897,0.7027276754379272,0.22760127484798431,0.000530316901858896,0.0006525383214466274,0.04998309910297394,0.0017628560308367014
images/val-8347.jpg,happy,0.9861947298049927,0.00027590914396569133,0.0004376368597149849,0.0007327015046030283,0.9861947298049927,0.0006231069564819336,0.009659742005169392,0.002076135016977787
images/val-6549.jpg,happy,0.9936741590499878,0.00041323580080643296,0.0005234653945080936,0.00039355328772217035,0.9936741590499878,0.0006926825153641403,0.0006867776392027736,0.003616171423345804
images/val-10907.jpg,fear,0.8736488819122314,0.09737247973680496,0.8736488819122314,0.009401831775903702,0.0030413370113819838,0.0032069492153823376,0.0030353418551385403,0.01029321551322937
images/val-5426.jpg,angry,0.9523818492889404,0.9523818492889404,0.019940368831157684,0.013061213307082653,0.0010646611917763948,0.003303512930870056,0.00442323787137866,0.005825153086334467
images/val-453.jpg,neutral,0.989493727684021,0.002901735482737422,0.0009637384209781885,0.001419939799234271,0.0032780563924461603,0.0010807155631482601,0.989493727684021,0.0008622018503956497
images/val-1890.jpg,happy,0.991319477558136,0.0008585886680521071,0.0009830023627728224,0.0005502167041413486,0.991319477558136,0.0005563150625675917,0.003910630010068417,0.0018217754550278187
images/val-4280.jpg,happy,0.994972825050354,0.0005462547997012734,0.00034902384504675865,0.00036485950113274157,0.994972825050354,0.0004168809682596475,0.0013170308666303754,0.0020331298001110554
images/val-2926.jpg,angry,0.7736601233482361,0.7736601233482361,0.07283215969800949,0.05656664818525314,0.0025837868452072144,0.020312611013650894,0.005540070123970509,0.06850464642047882
images/val-9513.jpg,happy,0.9830862283706665,0.0016895103035494685,0.002415213268250227,0.006308510899543762,0.9830862283706665,0.0023509389720857143,0.0013798081781715155,0.002769797807559371
images/val-4350.jpg,happy,0.9929999113082886,0.0006055645644664764,0.00025719686527736485,0.0003759590908885002,0.9929999113082886,0.00045499016414396465,0.003255790565162897,0.0020506069995462894
images/val-627.jpg,fear,0.9375693202018738,0.03159382939338684,0.9375693202018738,0.003225431079044938,0.0008570349891670048,0.0015201395144686103,0.0015138910384848714,0.023720309138298035
images/val-1777.jpg,happy,0.9943426847457886,0.0005583594902418554,0.00025590500445105135,0.00031825670157559216,0.9943426847457886,0.0004452863067854196,0.0029296402353793383,0.0011499642860144377
images/val-9775.jpg,happy,0.6745969653129578,0.0038309379015117884,0.008833474479615688,0.038330454379320145,0.6745969653129578,0.0011029498418793082,0.2695348262786865,0.0037703777197748423
images/val-7120.jpg,neutral,0.5385353565216064,0.01936466060578823,0.0020075186621397734,0.004413111601024866,0.4271532893180847,0.004210964310914278,0.5385353565216064,0.004315102007240057
images/val-5664.jpg,sad,0.6046505570411682,0.08215021342039108,0.041846659034490585,0.6046505570411682,0.11387836933135986,0.04628932476043701,0.09260908514261246,0.018575802445411682
images/val-5140.jpg,sad,0.6919257640838623,0.2443176507949829,0.04661734774708748,0.6919257640838623,0.0010549994185566902,0.0036469886545091867,0.012001190334558487,0.00043597695184871554
images/val-7150.jpg,neutral,0.9696893692016602,0.002665567444637418,0.006667427718639374,0.013531679287552834,0.0060446010902523994,0.0008442898979410529,0.9696893692016602,0.000557031889911741
images/val-9933.jpg,happy,0.501974880695343,0.0015567636583000422,0.0011978851398453116,0.0016265464946627617,0.501974880695343,0.002720803488045931,0.47795772552490234,0.012965351343154907
images/val-8380.jpg,happy,0.9903120994567871,0.00029976500081829727,0.0003550815745256841,0.0005267425440251827,0.9903120994567871,0.0004076559271197766,0.006702425889670849,0.001396213541738689
images/val-1895.jpg,neutral,0.45342448353767395,0.09756231307983398,0.11394497007131577,0.2538302540779114,0.07423201948404312,0.0046547530218958855,0.45342448353767395,0.002351120812818408
images/val-6312.jpg,neutral,0.8916827440261841,0.005388277117162943,0.0020570375490933657,0.0064455135725438595,0.08320943266153336,0.004390872549265623,0.8916827440261841,0.006826040800660849
images/val-9447.jpg,happy,0.9935911893844604,0.0005574551178142428,0.0003485699708107859,0.0004597085644491017,0.9935911893844604,0.00042196098365820944,0.0037099274341017008,0.0009111802210099995
images/val-3115.jpg,neutral,0.9837152361869812,0.007235725410282612,0.003116464475169778,0.0016220198012888432,0.0021398260723799467,0.000640672689769417,0.9837152361869812,0.0015300415689125657
images/val-4174.jpg,neutral,0.9835630655288696,0.003139060689136386,0.0056305513717234135,0.0038365619257092476,0.0020180796273052692,0.00042840675450861454,0.9835630655288696,0.001384272938594222
images/val-728.jpg,happy,0.99349045753479,0.00033368950244039297,0.0005089030601084232,0.0010361464228481054,0.99349045753479,0.0005982335424050689,0.002086375141516328,0.001946178381331265
images/val-7145.jpg,sad,0.28642842173576355,0.27395686507225037,0.23313570022583008,0.28642842173576355,0.07679854333400726,0.10585147887468338,0.010335235856473446,0.013493659906089306
images/val-28.jpg,neutral,0.9865946769714355,0.0008478265372104943,0.0024468149058520794,0.00346557074226439,0.0042631253600120544,0.0012859737034887075,0.9865946769714355,0.001096074003726244
images/val-8519.jpg,happy,0.614681601524353,0.2602469325065613,0.020799381658434868,0.0017104416619986296,0.614681601524353,0.009349522180855274,0.003143944079056382,0.09006811678409576
images/val-8822.jpg,neutral,0.47172582149505615,0.3187236785888672,0.011478093452751637,0.057111360132694244,0.1281631588935852,0.011329665780067444,0.47172582149505615,0.0014682244509458542
images/val-3229.jpg,happy,0.9940588474273682,0.0002523640578147024,0.00033765731495805085,0.00043967596138827503,0.9940588474273682,0.00043755254591815174,0.0031619046349078417,0.0013120005605742335
images/val-5968.jpg,happy,0.9920815229415894,0.0004535554617177695,0.00027718074852600694,0.0004065386892762035,0.9920815229415894,0.0005270469700917602,0.004358995705842972,0.0018950283993035555
images/val-7067.jpg,sad,0.9774162173271179,0.008893463760614395,0.0024113417603075504,0.9774162173271179,0.0017245879862457514,0.0008372430456802249,0.007849007844924927,0.000868211267516017
images/val-1147.jpg,happy,0.9811440706253052,0.001340265036560595,0.0008293146966025233,0.0014280325267463923,0.9811440706253052,0.0010013181017711759,0.002873219083994627,0.011383689008653164
images/val-5410.jpg,angry,0.9115890264511108,0.9115890264511108,0.01638565957546234,0.03420553356409073,0.006986189633607864,0.020975571125745773,0.006000380031764507,0.003857581177726388
images/val-10210.jpg,neutral,0.9854009747505188,0.0027140371967107058,0.002054428681731224,0.004353788215667009,0.001997350249439478,0.0008668017690069973,0.9854009747505188,0.0026125868316739798
images/val-5144.jpg,happy,0.9930016398429871,0.001023976830765605,0.0005873873014934361,0.0005116518586874008,0.9930016398429871,0.0006767466547898948,0.0028261959087103605,0.0013724195305258036
images/val-2042.jpg,happy,0.835769772529602,0.0018164074281230569,0.0013673629146069288,0.0031859702430665493,0.835769772529602,0.0010736854746937752,0.15492524206638336,0.0018614880973473191
images/val-4921.jpg,angry,0.8805916905403137,0.8805916905403137,0.05087505653500557,0.016598215326666832,0.0016007733065634966,0.025080012157559395,0.021227959543466568,0.004026314709335566
images/val-8309.jpg,fear,0.5174831748008728,0.031178923323750496,0.5174831748008728,0.03203820809721947,0.006465643644332886,0.004953630734235048,0.39389610290527344,0.013984381221234798
images/val-5068.jpg,happy,0.9948800802230835,0.00037036434514448047,0.0002705651568248868,0.00036987653584219515,0.9948800802230835,0.0005007704603485763,0.0019290989730507135,0.0016790825175121427
images/val-6692.jpg,angry,0.4558608829975128,0.4558608829975128,0.10589433461427689,0.3949893116950989,0.016116920858621597,0.00650432612746954,0.01931646466255188,0.0013178052613511682
images/val-5345.jpg,happy,0.9872925281524658,0.0009813797660171986,0.0002342710504308343,0.0009264459949918091,0.9872925281524658,0.0005395003245212138,0.005651672370731831,0.00437416834756732
images/val-6593.jpg,happy,0.966899037361145,0.005884469021111727,0.00057320884661749,0.0011088770115748048,0.966899037361145,0.0004986457643099129,0.022975042462348938,0.0020606343168765306
images/val-4845.jpg,sad,0.7391790151596069,0.004201509058475494,0.004624863620847464,0.7391790151596069,0.00177322281524539,0.001579045201651752,0.24781696498394012,0.0008254158310592175
images/val-9084.jpg,happy,0.9789898991584778,0.007359812967479229,0.0029422047082334757,0.0010247844038531184,0.9789898991584778,0.0010266758035868406,0.0007218400132842362,0.00793488323688507
images/val-2086.jpg,sad,0.985679566860199,0.0014480254612863064,0.0024336916394531727,0.985679566860199,0.0022403320763260126,0.0020233490504324436,0.0051466128788888454,0.0010284694144502282
images/val-3144.jpg,happy,0.995320737361908,0.0006955017452128232,0.00040549965342506766,0.0004201154224574566,0.995320737361908,0.0004180995747447014,0.0015274921897798777,0.0012125024804845452
images/val-6889.jpg,sad,0.9710559844970703,0.006282809190452099,0.004142405465245247,0.9710559844970703,0.003931138198822737,0.0008587556658312678,0.012790835462510586,0.000938061682973057
images/val-6212.jpg,sad,0.950068473815918,0.002809237688779831,0.0037841256707906723,0.950068473815918,0.0019818951841443777,0.004717878997325897,0.0359816700220108,0.0006566931260749698
images/val-2852.jpg,angry,0.9309147596359253,0.9309147596359253,0.023219479247927666,0.01717079058289528,0.01782628893852234,0.0039630429819226265,0.0057295020669698715,0.001176156336441636
images/val-10085.jpg,sad,0.9785386919975281,0.0030824297573417425,0.009699403308331966,0.9785386919975281,0.003469465533271432,0.0006634356104768813,0.0038763920310884714,0.0006701270467601717
images/val-9325.jpg,happy,0.9939337372779846,0.0002669670502655208,0.00036100856959819794,0.00034494392457418144,0.9939337372779846,0.0006420657155103981,0.0015443111769855022,0.0029069443698972464
images/val-4931.jpg,happy,0.9946558475494385,0.0003004029858857393,0.00028411109815351665,0.00037515387521125376,0.9946558475494385,0.00044836816960014403,0.0012897956185042858,0.0026463172398507595
images/val-6654.jpg,neutral,0.9812666177749634,0.002122024307027459,0.0023162353318184614,0.002653843956068158,0.006519197486341,0.0022328835912048817,0.9812666177749634,0.0028892133850604296
images/val-8978.jpg,happy,0.9834094047546387,0.003441836917772889,0.0013864379143342376,0.0021691573783755302,0.9834094047546387,0.003138818545266986,0.004237328190356493,0.0022171151358634233
images/val-7.jpg,neutral,0.9212034940719604,0.01398326177150011,0.0030774618498981,0.0021199635230004787,0.057072654366493225,0.0011015948839485645,0.9212034940719604,0.0014415087644010782
images/val-4979.jpg,happy,0.9849720597267151,0.00042647376540116966,0.0009945255005732179,0.004366010427474976,0.9849720597267151,0.00042989017674699426,0.00755950016900897,0.0012515642447397113
images/val-4701.jpg,sad,0.8805413842201233,0.011711375787854195,0.08086312562227249,0.8805413842201233,0.01041072141379118,0.003570502158254385,0.0072403522208333015,0.005662584211677313
images/val-3444.jpg,sad,0.82601398229599,0.009283280931413174,0.0040596164762973785,0.82601398229599,0.006568240001797676,0.002601469401270151,0.15116003155708313,0.0003133878344669938
images/val-7044.jpg,sad,0.38536548614501953,0.10510589182376862,0.32124218344688416,0.38536548614501953,0.06462927162647247,0.009837610647082329,0.08008246123790741,0.033737145364284515
images/val-9503.jpg,sad,0.875449538230896,0.0954514741897583,0.01836206018924713,0.875449538230896,0.0007780473679304123,0.003826397703960538,0.0052893697284162045,0.0008431468158960342
images/val-9940.jpg,happy,0.8194153308868408,0.007051974534988403,0.003613297827541828,0.01006881520152092,0.8194153308868408,0.002152563538402319,0.1560274213552475,0.0016705640591681004
images/val-5280.jpg,happy,0.9944126009941101,0.00032329183886758983,0.00041048452840186656,0.0003657117486000061,0.9944126009941101,0.0005646995268762112,0.0018882380099967122,0.0020349188707768917
images/val-7619.jpg,fear,0.7724528908729553,0.06438343971967697,0.7724528908729553,0.08729062229394913,0.0021767180878669024,0.021459419280290604,0.04691309854388237,0.005323817953467369
images/val-7239.jpg,happy,0.9947065711021423,0.00023362375213764608,0.00034421650343574584,0.0003896823909599334,0.9947065711021423,0.0005176910199224949,0.0018786229193210602,0.0019296279642730951
images/val-7245.jpg,happy,0.48871856927871704,0.015627950429916382,0.003239830257371068,0.004717743489891291,0.48871856927871704,0.010105331428349018,0.4552173316478729,0.02237323299050331
images/val-3502.jpg,sad,0.42951932549476624,0.0031069829128682613,0.2631720304489136,0.42951932549476624,0.0034727288875728846,0.0008433570037595928,0.29774391651153564,0.0021416477393358946
images/val-8376.jpg,happy,0.9946320056915283,0.0004060376377310604,0.0002847165160346776,0.00033722619991749525,0.9946320056915283,0.0005519341793842614,0.000970718392636627,0.0028173038735985756
images/val-7753.jpg,happy,0.9930816292762756,0.0002442596887703985,0.000458548340247944,0.0005675791180692613,0.9930816292762756,0.00046132286661304533,0.003796048928052187,0.0013907408574596047
images/val-2781.jpg,neutral,0.7375115156173706,0.009733758866786957,0.034609824419021606,0.20690932869911194,0.003905633231624961,0.006673048250377178,0.7375115156173706,0.0006568824173882604
images/val-1390.jpg,happy,0.9948282837867737,0.00048184688785113394,0.00026768865063786507,0.0007866613450460136,0.9948282837867737,0.00046241862582974136,0.0023107596207410097,0.0008623584872111678
images/val-4650.jpg,happy,0.9959402084350586,0.0003548851818777621,0.00036619551246985793,0.0005951918428763747,0.9959402084350586,0.000384404556825757,0.0012063548201695085,0.001152867916971445
images/val-8446.jpg,neutral,0.9513797163963318,0.0042490060441195965,0.0028744263108819723,0.012487064115703106,0.026441220194101334,0.0019569620490074158,0.9513797163963318,0.0006116371368989348
images/val-10371.jpg,sad,0.9200057983398438,0.008344949223101139,0.04628818482160568,0.9200057983398438,0.002366428729146719,0.0005060596158728004,0.021724682301282883,0.0007638969691470265
images/val-10146.jpg,neutral,0.9826034903526306,0.002370202448219061,0.0033543044701218605,0.007123829796910286,0.003500267630442977,0.0004663699073716998,0.9826034903526306,0.0005816241609863937
images/val-5492.jpg,neutral,0.9857277274131775,0.002186630852520466,0.0006864137831144035,0.0011534192599356174,0.0067302510142326355,0.0019104329403489828,0.9857277274131775,0.0016050685662776232
images/val-1531.jpg,neutral,0.6373035311698914,0.0013797542778775096,0.002123181475326419,0.004567868076264858,0.347512811422348,0.002648846246302128,0.6373035311698914,0.004464000463485718
images/val-3849.jpg,neutral,0.9862818121910095,0.00164941290859133,0.0011513769859448075,0.0018955490086227655,0.006933524273335934,0.001173758995719254,0.9862818121910095,0.0009146175580099225
images/val-5086.jpg,happy,0.9929083585739136,0.0006067295325919986,0.00044893601443618536,0.0006264072144404054,0.9929083585739136,0.0007463381043635309,0.0023253916297107935,0.002337975427508354
images/val-3681.jpg,happy,0.9928200840950012,0.0003178633050993085,0.0005056452355347574,0.0008591640507802367,0.9928200840950012,0.0007582302787341177,0.0029468678403645754,0.0017920535756275058
images/val-3263.jpg,happy,0.9944689273834229,0.0004367783258203417,0.000554874655790627,0.00039020448457449675,0.9944689273834229,0.0008571671787649393,0.001138125080615282,0.002154001733288169
images/val-2415.jpg,neutral,0.4153534173965454,0.31637075543403625,0.04146813228726387,0.014029953628778458,0.18520839512348175,0.013002126477658749,0.4153534173965454,0.014567230828106403
images/val-401.jpg,angry,0.9000645875930786,0.9000645875930786,0.01902957819402218,0.004614420235157013,0.03409172594547272,0.022250784561038017,0.018844595178961754,0.0011043697595596313
images/val-758.jpg,happy,0.7995073199272156,0.004957856610417366,0.001676175626926124,0.003479501698166132,0.7995073199272156,0.004586947150528431,0.18333443999290466,0.0024576804134994745
images/val-4012.jpg,happy,0.9947638511657715,0.00024265990941785276,0.000286009453702718,0.00037855797563679516,0.9947638511657715,0.0005229558446444571,0.0016326996264979243,0.0021732694003731012
images/val-7785.jpg,neutral,0.8723984360694885,0.0019786444026976824,0.002380829770117998,0.005694744177162647,0.1150154247879982,0.0015222248621284962,0.8723984360694885,0.0010096813784912229
images/val-10016.jpg,angry,0.6974561214447021,0.6974561214447021,0.021675391122698784,0.12975504994392395,0.07715248316526413,0.005531292874366045,0.06580860912799835,0.0026210537180304527
images/val-1194.jpg,sad,0.9883368611335754,0.002418127842247486,0.0022701306734234095,0.9883368611335754,0.0016294297529384494,0.001473230542615056,0.0031914447899907827,0.0006807632162235677
images/val-7462.jpg,happy,0.4835289418697357,0.006931974086910486,0.0071709915064275265,0.014309702441096306,0.4835289418697357,0.0031211883760988712,0.48350220918655396,0.0014349713455885649
images/val-6791.jpg,happy,0.9943608641624451,0.0003431066288612783,0.0003769036557059735,0.0003397499385755509,0.9943608641624451,0.000770222453866154,0.0012597017921507359,0.0025494638830423355
images/val-10319.jpg,neutral,0.7521283626556396,0.028317945078015327,0.01825648918747902,0.19796322286128998,0.0008508327300660312,0.000922844628803432,0.7521283626556396,0.0015602580970153213
images/val-9432.jpg,sad,0.9496063590049744,0.016330452635884285,0.013191895559430122,0.9496063590049744,0.002595362486317754,0.00487116863951087,0.012722935527563095,0.0006818613037467003
images/val-3186.jpg,happy,0.9934315085411072,0.0009592916467227042,0.0008055209764279425,0.00032535361242480576,0.9934315085411072,0.0010431131813675165,0.0012552773114293814,0.002180020324885845
images/val-6292.jpg,happy,0.9938681721687317,0.00036293332232162356,0.0002837126376107335,0.0003477447899058461,0.9938681721687317,0.0003634662425611168,0.0028434917330741882,0.0019304605666548014
images/val-8100.jpg,neutral,0.9543423056602478,0.0012227070983499289,0.0021652374416589737,0.0022864919155836105,0.03696563467383385,0.0015779833775013685,0.9543423056602478,0.0014396050246432424
images/val-6548.jpg,happy,0.9900098443031311,0.0012951422249898314,0.0004850758414249867,0.000923397543374449,0.9900098443031311,0.0006240291404537857,0.004340548533946276,0.002321890788152814
images/val-3998.jpg,happy,0.9944625496864319,0.0004366392968222499,0.00045324245002120733,0.00038613186916336417,0.9944625496864319,0.0005577389383688569,0.002290144795551896,0.0014135845704004169
images/val-2418.jpg,happy,0.9734752774238586,0.001421273802407086,0.000426759070251137,0.0003750514006242156,0.9734752774238586,0.0015482702292501926,0.016536252573132515,0.00621697586029768
images/val-91.jpg,sad,0.441706120967865,0.0463683195412159,0.08044525980949402,0.441706120967865,0.15828590095043182,0.017937885597348213,0.2093362808227539,0.045920226722955704
images/val-1747.jpg,angry,0.7118683457374573,0.7118683457374573,0.03370697796344757,0.17539392411708832,0.005823830142617226,0.06659989058971405,0.0029064228292554617,0.0037005855701863766
images/val-6966.jpg,neutral,0.9605181217193604,0.001096733147278428,0.0013149487785995007,0.0026351469568908215,0.030904946848750114,0.0011569877387955785,0.9605181217193604,0.002373079303652048
images/val-3586.jpg,fear,0.5586364269256592,0.35461774468421936,0.5586364269256592,0.019464250653982162,0.011629466898739338,0.00871303677558899,0.03341083228588104,0.013528242707252502
images/val-2882.jpg,angry,0.9855068922042847,0.9855068922042847,0.005276796407997608,0.00223706872202456,0.0025704829022288322,0.0007960345828905702,0.0021291140001267195,0.001483591040596366
images/val-8487.jpg,fear,0.49540045857429504,0.4587050974369049,0.49540045857429504,0.029809758067131042,0.002523089060559869,0.004141420591622591,0.0013027116656303406,0.008117553777992725
images/val-7612.jpg,happy,0.8531171679496765,0.002080197213217616,0.0014423190150409937,0.0017480019014328718,0.8531171679496765,0.0017427820712327957,0.13535448908805847,0.00451504485681653
images/val-823.jpg,sad,0.9357038140296936,0.03941084071993828,0.0038386888336390257,0.9357038140296936,0.0036782030947506428,0.00953740905970335,0.0052671246230602264,0.0025640162639319897
images/val-9133.jpg,fear,0.7045230865478516,0.15329036116600037,0.7045230865478516,0.10964448750019073,0.0018782453844323754,0.0013594834599643946,0.017726104706525803,0.011578206904232502
images/val-4083.jpg,sad,0.9802204370498657,0.008597777225077152,0.004090161062777042,0.9802204370498657,0.0008608693606220186,0.0016913929721340537,0.004308365285396576,0.00023101364786271006
images/val-1989.jpg,neutral,0.9581456184387207,0.004823917988687754,0.004829532001167536,0.02737637609243393,0.0023139012046158314,0.001808701897971332,0.9581456184387207,0.0007019739714451134
images/val-7479.jpg,happy,0.9946921467781067,0.0004996505449526012,0.00029191019712015986,0.0007455453160218894,0.9946921467781067,0.000582146632950753,0.0010549284052103758,0.002133689122274518
images/val-2185.jpg,neutral,0.8210341930389404,0.0006843318114988506,0.002141998615115881,0.005119624547660351,0.1652005910873413,0.0019126615952700377,0.8210341930389404,0.0039065564051270485
images/val-7613.jpg,neutral,0.9881513118743896,0.0009222623775713146,0.0014623076422140002,0.005198297090828419,0.001753888325765729,0.0014967499300837517,0.9881513118743896,0.001015241607092321
images/val-8703.jpg,neutral,0.9892145991325378,0.0014282646588981152,0.001939834444783628,0.0016646749572828412,0.0027333437465131283,0.0007327203638851643,0.9892145991325378,0.0022865631617605686
images/val-9158.jpg,neutral,0.8442178964614868,0.010270608589053154,0.012609711848199368,0.12665757536888123,0.0030808092560619116,0.0010690864874050021,0.8442178964614868,0.002094295807182789
images/val-9756.jpg,sad,0.9684181213378906,0.002777672139927745,0.005336162634193897,0.9684181213378906,0.014941217377781868,0.002107259351760149,0.005387031007558107,0.0010325581533834338
images/val-5199.jpg,happy,0.9949841499328613,0.00033358269138261676,0.000309344963170588,0.0003429843345656991,0.9949841499328613,0.0005150483921170235,0.0016114232130348682,0.0019033761927857995
images/val-7252.jpg,happy,0.8283771872520447,0.0007069889106787741,0.0013933413429185748,0.0027943335007876158,0.8283771872520447,0.0009823706932365894,0.16136647760868073,0.004379249177873135
images/val-10038.jpg,happy,0.9532831907272339,0.0017326585948467255,0.0012705835979431868,0.026347417384386063,0.9532831907272339,0.002429301617667079,0.010411424562335014,0.004525478463619947
images/val-8271.jpg,neutral,0.9569979906082153,0.009082752279937267,0.008682086132466793,0.01750931888818741,0.005910412408411503,0.0013647346058860421,0.9569979906082153,0.00045266872621141374
images/val-6992.jpg,happy,0.949055016040802,0.003693204838782549,0.005324646830558777,0.0067100683227181435,0.949055016040802,0.00244467263109982,0.028927763924002647,0.0038445466198027134
images/val-8977.jpg,happy,0.9956706762313843,0.00035632672370411456,0.0003149806580040604,0.00038757699076086283,0.9956706762313843,0.0004597545485012233,0.0011966696474701166,0.0016140572261065245
images/val-7306.jpg,happy,0.8506366014480591,0.004964954685419798,0.0008598229615017772,0.008805348537862301,0.8506366014480591,0.0008966472232714295,0.13235026597976685,0.0014862546231597662
images/val-2608.jpg,happy,0.9941197633743286,0.0002988116757478565,0.0003691008605528623,0.000404419464757666,0.9941197633743286,0.0005972530343569815,0.0012043019523844123,0.0030062643345445395
images/val-7778.jpg,happy,0.9910184144973755,0.0004964930121786892,0.0003131043631583452,0.0007374028791673481,0.9910184144973755,0.0010690904455259442,0.00424204533919692,0.002123599871993065
images/val-7374.jpg,fear,0.4498033821582794,0.12011121213436127,0.4498033821582794,0.15414513647556305,0.09462803602218628,0.02684915065765381,0.12175386399030685,0.032709211111068726
images/val-4247.jpg,sad,0.9520758390426636,0.003410096513107419,0.00809839554131031,0.9520758390426636,0.0008934222860261798,0.0009476267150603235,0.033298641443252563,0.0012758953962475061
images/val-4051.jpg,neutral,0.9051917791366577,0.02678229659795761,0.017103275284171104,0.006704119965434074,0.005618372932076454,0.002655245363712311,0.9051917791366577,0.03594491258263588
images/val-4544.jpg,disgust,0.38439276814460754,0.36349427700042725,0.012411804869771004,0.18182779848575592,0.008317025378346443,0.38439276814460754,0.03142637759447098,0.018129944801330566
images/val-8541.jpg,neutral,0.5807754397392273,0.001584521378390491,0.0008269043173640966,0.0020198370330035686,0.4028676748275757,0.0029931101016700268,0.5807754397392273,0.008932581171393394
images/val-7940.jpg,happy,0.9940557479858398,0.00046645020483992994,0.0005140307475812733,0.0003644759417511523,0.9940557479858398,0.0007941584917716682,0.000910656526684761,0.0028943598736077547
images/val-10269.jpg,happy,0.9913588762283325,0.0008644191548228264,0.0004187826707493514,0.00032698572613298893,0.9913588762283325,0.0005341602955013514,0.002346389228478074,0.004150379449129105
images/val-3920.jpg,neutral,0.9879959225654602,0.0017266476061195135,0.004320966545492411,0.002402412472292781,0.0017855759942904115,0.000766061944887042,0.9879959225654602,0.0010024053044617176
images/val-4500.jpg,happy,0.9936932325363159,0.0003376681706868112,0.00036443930002860725,0.00045904124272055924,0.9936932325363159,0.00037021705065853894,0.003843915881589055,0.0009315154165960848
images/val-7207.jpg,happy,0.8843849301338196,0.0010336035629734397,0.0020598196424543858,0.0018003577133640647,0.8843849301338196,0.0013007186353206635,0.10176610201597214,0.007654409855604172
images/val-1270.jpg,happy,0.7202548384666443,0.014396462589502335,0.0017046999419108033,0.022579528391361237,0.7202548384666443,0.03042660281062126,0.14539141952991486,0.06524647772312164
images/val-4682.jpg,neutral,0.8501835465431213,0.023240219801664352,0.030062396079301834,0.08157683908939362,0.0031814726535230875,0.01080490741878748,0.8501835465431213,0.0009507044451311231
images/val-3842.jpg,sad,0.8229545950889587,0.008543469943106174,0.11214989423751831,0.8229545950889587,0.015320714563131332,0.0032623170409351587,0.028699640184640884,0.009069368243217468
images/val-4452.jpg,neutral,0.935812771320343,0.011131884530186653,0.012099153362214565,0.030240658670663834,0.001365958247333765,0.004283986520022154,0.935812771320343,0.005065528675913811
images/val-5503.jpg,neutral,0.8804140686988831,0.009414078667759895,0.010089617222547531,0.0025545968674123287,0.07686016708612442,0.00889570452272892,0.8804140686988831,0.011771761812269688
images/val-5239.jpg,happy,0.9953088164329529,0.00032973033376038074,0.0003031887754332274,0.00036450650077313185,0.9953088164329529,0.0005105095915496349,0.0013506467221304774,0.0018327273428440094
images/val-8850.jpg,sad,0.31973206996917725,0.11865057051181793,0.3181995749473572,0.31973206996917725,0.16716836392879486,0.015880296006798744,0.02131941355764866,0.039049725979566574
images/val-1321.jpg,happy,0.9933227896690369,0.0003892792738042772,0.00030972983222454786,0.0004368044901639223,0.9933227896690369,0.0005721612251363695,0.0031672141049057245,0.0018019810086116195
images/val-2268.jpg,angry,0.6486812829971313,0.6486812829971313,0.09323608130216599,0.018304629251360893,0.009099875576794147,0.0072737825103104115,0.2161293774843216,0.007274951785802841
images/val-2472.jpg,neutral,0.9829794764518738,0.0043754661455750465,0.001356162829324603,0.005394790321588516,0.005028852727264166,0.0003390790370758623,0.9829794764518738,0.0005263087805360556
images/val-3789.jpg,happy,0.9943817257881165,0.00031637868960388005,0.00029415919561870396,0.0003872883098665625,0.9943817257881165,0.0004642464919015765,0.001457858132198453,0.0026984724681824446
images/val-6276.jpg,happy,0.9945123195648193,0.0014148954069241881,0.00034823387977667153,0.0004971312009729445,0.9945123195648193,0.0005815174081362784,0.0007369022932834923,0.0019089281558990479
images/val-2504.jpg,happy,0.9889266490936279,0.00038599324761889875,0.0002743015647865832,0.0004951189621351659,0.9889266490936279,0.0005850393790751696,0.007737986743450165,0.0015947502106428146
images/val-3506.jpg,sad,0.9572857618331909,0.020410627126693726,0.01646341010928154,0.9572857618331909,0.0007964355172589421,0.0017696955474093556,0.0026192718651145697,0.0006547758239321411
images/val-1053.jpg,happy,0.9947695136070251,0.0004125308769289404,0.00036958054988645017,0.000317453988827765,0.9947695136070251,0.0005236882716417313,0.0009868318447843194,0.00262039084918797
images/val-6798.jpg,neutral,0.8014649748802185,0.00535447197034955,0.023876845836639404,0.16416792571544647,0.0007737975683994591,0.0012697625206783414,0.8014649748802185,0.0030922340229153633
images/val-6679.jpg,neutral,0.8146015405654907,0.00500686839222908,0.009510472416877747,0.16402676701545715,0.0037110433913767338,0.0010122330859303474,0.8146015405654907,0.0021310679148882627
images/val-5422.jpg,happy,0.7500156760215759,0.002515769097954035,0.003532884642481804,0.013067706488072872,0.7500156760215759,0.004115451127290726,0.1899947077035904,0.036757778376340866
images/val-8891.jpg,angry,0.952991783618927,0.952991783618927,0.008329583331942558,0.013909395784139633,0.004188187886029482,0.00408474775031209,0.014039680361747742,0.002456631977111101
images/val-7634.jpg,angry,0.8808550238609314,0.8808550238609314,0.007260293234139681,0.07169774174690247,0.030195580795407295,0.003251562127843499,0.0034761757124215364,0.0032636080868542194
images/val-6813.jpg,happy,0.9780724048614502,0.0023296047002077103,0.001528174732811749,0.007158705964684486,0.9780724048614502,0.0020981854759156704,0.006103701423853636,0.0027093004900962114
images/val-1021.jpg,neutral,0.9752649664878845,0.011587417684495449,0.005824836902320385,0.002854048740118742,0.0025739099364727736,0.0013299091951921582,0.9752649664878845,0.0005648796795867383
images/val-3389.jpg,fear,0.6652909517288208,0.022068534046411514,0.6652909517288208,0.2472892701625824,0.009073345921933651,0.011439001187682152,0.007270982023328543,0.03756798058748245
images/val-6884.jpg,happy,0.9958130717277527,0.0004823501221835613,0.0003518732264637947,0.00043136655585840344,0.9958130717277527,0.0003697437350638211,0.0009179355693049729,0.0016335981199517846
images/val-6382.jpg,happy,0.9944532513618469,0.0003506962093524635,0.00024055222456809133,0.0005090806516818702,0.9944532513618469,0.00043593478039838374,0.002670308342203498,0.0013402182376012206
images/val-9570.jpg,happy,0.9942052960395813,0.00029653700767084956,0.0005179226282052696,0.0005656674620695412,0.9942052960395813,0.000557662162464112,0.0018152823904529214,0.0020417566411197186
images/val-321.jpg,happy,0.987524151802063,0.0006955232820473611,0.0005264668143354356,0.00035114659112878144,0.987524151802063,0.000516805681400001,0.007497149519622326,0.002888800110667944
images/val-9433.jpg,happy,0.49772775173187256,0.007494528777897358,0.05983759090304375,0.34121736884117126,0.49772775173187256,0.02670220471918583,0.02391570247709751,0.043104805052280426
images/val-6233.jpg,happy,0.9933440685272217,0.0004816807631868869,0.0002681586192920804,0.0004584834387060255,0.9933440685272217,0.0004429035761859268,0.003967830445617437,0.0010368952061980963
images/val-7815.jpg,fear,0.49812841415405273,0.03961244225502014,0.49812841415405273,0.4468628764152527,0.001343369367532432,0.0005018378142267466,0.011600623838603497,0.0019504011142998934
images/val-97.jpg,happy,0.9943557977676392,0.0004378347657620907,0.0004709417116828263,0.00037824088940396905,0.9943557977676392,0.0005084654549136758,0.0008404568070545793,0.003008353291079402
images/val-5764.jpg,happy,0.9620139002799988,0.0011367346160113811,0.002048137132078409,0.024303901940584183,0.9620139002799988,0.0007053717854432762,0.007811088114976883,0.001981055364012718
images/val-4893.jpg,happy,0.9946876764297485,0.00027612404664978385,0.0002251089463243261,0.00044139119563624263,0.9946876764297485,0.0004158903902862221,0.0024731061421334743,0.0014808312989771366
images/val-6390.jpg,happy,0.9806990027427673,0.0006047857459634542,0.00045503120054490864,0.0015911348164081573,0.9806990027427673,0.0005660344613716006,0.013208518736064434,0.002875426085665822
images/val-6866.jpg,angry,0.8278559446334839,0.8278559446334839,0.011947632767260075,0.043319445103406906,0.0797160267829895,0.002350421389564872,0.025241564959287643,0.009568862617015839
images/val-8819.jpg,neutral,0.9845528602600098,0.0014574119122698903,0.005146629177033901,0.0038609986659139395,0.0034809187054634094,0.0007289812201634049,0.9845528602600098,0.0007722070440649986
images/val-8948.jpg,happy,0.984293520450592,0.003391472389921546,0.0005320040509104729,0.0012087507639080286,0.984293520450592,0.0005794811877422035,0.00777424918487668,0.002220485359430313
images/val-9884.jpg,happy,0.9927610158920288,0.0004623688873834908,0.0003480972081888467,0.00029077669023536146,0.9927610158920288,0.0006504562334157526,0.0030735854525119066,0.0024138104636222124
images/val-3614.jpg,happy,0.9949518442153931,0.0003048799990210682,0.0003298541996628046,0.0005228798254393041,0.9949518442153931,0.00042236095760017633,0.0021638276521116495,0.001304315053857863
images/val-8000.jpg,neutral,0.3345398008823395,0.15405750274658203,0.034051913768053055,0.16251827776432037,0.2762890160083771,0.017263952642679214,0.3345398008823395,0.02127966284751892
images/val-3596.jpg,sad,0.8483554124832153,0.006455960683524609,0.1314663589000702,0.8483554124832153,0.004006185568869114,0.0008669227245263755,0.007606229744851589,0.001242957659997046
images/val-4472.jpg,neutral,0.9883444309234619,0.002597403945401311,0.002709771040827036,0.0020007656421512365,0.0012525601778179407,0.0013359596487134695,0.9883444309234619,0.0017590149072930217
images/val-7141.jpg,happy,0.46002694964408875,0.0033463360741734505,0.041900523006916046,0.35644957423210144,0.46002694964408875,0.029061194509267807,0.08013184368610382,0.029083525761961937
images/val-10679.jpg,happy,0.995215654373169,0.00036514908424578607,0.00030838706879876554,0.0003611585416365415,0.995215654373169,0.00045962160220369697,0.0013966858386993408,0.0018933166284114122
images/val-476.jpg,neutral,0.9521026611328125,0.0017675503622740507,0.005987843498587608,0.035157639533281326,0.0032628693152219057,0.0013031949056312442,0.9521026611328125,0.00041825088555924594
images/val-6372.jpg,angry,0.6935255527496338,0.6935255527496338,0.16041070222854614,0.03470654785633087,0.05665063112974167,0.0028674863278865814,0.04168126732110977,0.010157782584428787
images/val-5508.jpg,neutral,0.8483178615570068,0.020861756056547165,0.004159799311310053,0.021970491856336594,0.10075988620519638,0.0012844990706071258,0.8483178615570068,0.0026456944178789854
images/val-6625.jpg,neutral,0.9857146143913269,0.006186249665915966,0.00278221326880157,0.002293757628649473,0.0015269418945536017,0.0008999464916996658,0.9857146143913269,0.0005963687435723841
images/val-2705.jpg,happy,0.992890477180481,0.00032067677238956094,0.00040840168367139995,0.0006729181041009724,0.992890477180481,0.0005255123251117766,0.0037426541093736887,0.0014393598539754748
images/val-7658.jpg,angry,0.8740906715393066,0.8740906715393066,0.053677111864089966,0.03927140682935715,0.003341896226629615,0.005366708151996136,0.021662449464201927,0.002589693060144782
images/val-2092.jpg,happy,0.9953359961509705,0.00030742265516892076,0.00030993521795608103,0.0004588541924022138,0.9953359961509705,0.000380659505026415,0.0016732176300138235,0.0015339378733187914
images/val-10196.jpg,angry,0.6854360103607178,0.6854360103607178,0.018498463556170464,0.27724090218544006,0.0020667393691837788,0.010196295566856861,0.003302715951576829,0.003258813638240099
images/val-10873.jpg,neutral,0.9800131916999817,0.005883303936570883,0.0029067914001643658,0.007034704554826021,0.0015123161720111966,0.0020750765688717365,0.9800131916999817,0.0005747033865191042
images/val-442.jpg,happy,0.9954804182052612,0.00046541544725187123,0.0002693390706554055,0.0003806085733231157,0.9954804182052612,0.0005348596023395658,0.0012470210203900933,0.0016222945414483547
images/val-6456.jpg,sad,0.9603403210639954,0.012879561632871628,0.004546547308564186,0.9603403210639954,0.008616269566118717,0.005322160664945841,0.007121189031749964,0.0011739730834960938
images/val-9698.jpg,happy,0.9945375323295593,0.0004554881597869098,0.00025868546799756587,0.000499575980938971,0.9945375323295593,0.0006263732793740928,0.0015174115542322397,0.002104907762259245
images/val-9247.jpg,sad,0.5423112511634827,0.30687522888183594,0.11191100627183914,0.5423112511634827,0.002446503611281514,0.0007853027200326324,0.033900387585163116,0.0017702775076031685
images/val-445.jpg,neutral,0.941432535648346,0.045504190027713776,0.0018516808049753308,0.002518187277019024,0.004651536699384451,0.002391492947936058,0.941432535648346,0.0016503826482221484
images/val-1376.jpg,happy,0.9936258792877197,0.0007134462357498705,0.00027505462639965117,0.0003177777398377657,0.9936258792877197,0.0006684513064101338,0.0021507691126316786,0.0022484881337732077
images/val-7023.jpg,neutral,0.9189510345458984,0.03347829729318619,0.024397145956754684,0.003902723081409931,0.006073793862015009,0.011390204541385174,0.9189510345458984,0.0018068093340843916
images/val-2224.jpg,fear,0.41542288661003113,0.02386593632400036,0.41542288661003113,0.3232713043689728,0.07727949321269989,0.009600920602679253,0.08164049685001373,0.06891898810863495
images/val-7565.jpg,neutral,0.9809335470199585,0.0023237080313265324,0.0012910737423226237,0.0023625832982361317,0.009677366353571415,0.0018216404132544994,0.9809335470199585,0.0015901308506727219
images/val-2978.jpg,fear,0.6127669811248779,0.17182186245918274,0.6127669811248779,0.188843235373497,0.0024165092036128044,0.009249257855117321,0.002920257393270731,0.01198183000087738
images/val-824.jpg,happy,0.993607759475708,0.0002314107696292922,0.00031852105166763067,0.0004223152354825288,0.993607759475708,0.0005706888623535633,0.002476329682394862,0.002372950315475464
images/val-4263.jpg,happy,0.9895015358924866,0.0002394181356066838,0.0004648083122447133,0.0006315845530480146,0.9895015358924866,0.000859417486935854,0.0050313943065702915,0.0032719620503485203
images/val-10452.jpg,happy,0.9927421808242798,0.0005565016763284802,0.0002991954970639199,0.00039650555117987096,0.9927421808242798,0.0005224109045229852,0.001519551733508706,0.00396367721259594
images/val-5364.jpg,neutral,0.8371790051460266,0.00910220667719841,0.020633406937122345,0.0934075191617012,0.02294706180691719,0.004640741273760796,0.8371790051460266,0.012090025469660759
images/val-3468.jpg,happy,0.9952889680862427,0.00027267757104709744,0.00030551079544238746,0.0004538864886853844,0.9952889680862427,0.0003909592633135617,0.0016319428104907274,0.0016560913063585758
images/val-7450.jpg,neutral,0.6617652773857117,0.00474984897300601,0.00118290598038584,0.014265162870287895,0.3120002746582031,0.001630014507099986,0.6617652773857117,0.004406474065035582
images/val-5356.jpg,neutral,0.6249276399612427,0.004289491102099419,0.0008588720229454339,0.0026678149588406086,0.36303427815437317,0.001047348021529615,0.6249276399612427,0.0031745596788823605
images/val-5530.jpg,happy,0.9944696426391602,0.00024947492056526244,0.00029437494231387973,0.0004057445330545306,0.9944696426391602,0.0003965923679061234,0.0022983441594988108,0.0018857431132346392
images/val-10301.jpg,neutral,0.9711697697639465,0.011688373982906342,0.004560342524200678,0.010330460034310818,0.0007813326665200293,0.0008692702976986766,0.9711697697639465,0.0006003931630402803
images/val-4559.jpg,sad,0.9685982465744019,0.009016776457428932,0.0074743893928825855,0.9685982465744019,0.009203130379319191,0.0012653078883886337,0.0016028500394895673,0.002839301945641637
images/val-6907.jpg,happy,0.9910249710083008,0.002536121057346463,0.0012383293360471725,0.0007170530152507126,0.9910249710083008,0.0004831060068681836,0.0017699450254440308,0.0022304579615592957
images/val-4134.jpg,angry,0.8549162745475769,0.8549162745475769,0.09439589083194733,0.022893516346812248,0.001261736499145627,0.008262557908892632,0.014790692366659641,0.0034793701488524675
images/val-1342.jpg,happy,0.9951932430267334,0.00022309737687464803,0.00037723753484897316,0.00048204429913312197,0.9951932430267334,0.0004419850301928818,0.0014974522637203336,0.0017850029980763793
images/val-7706.jpg,sad,0.927407443523407,0.004673450253903866,0.018918685615062714,0.927407443523407,0.03212796151638031,0.003166335169225931,0.012661921791732311,0.0010441516060382128
images/val-318.jpg,happy,0.993277370929718,0.00034788326593115926,0.0004047825641464442,0.00046698079677298665,0.993277370929718,0.0006010543438605964,0.001964051043614745,0.002937853103503585
images/val-10789.jpg,neutral,0.9886277318000793,0.0009051437955349684,0.0016690174816176295,0.003852377412840724,0.0015774264466017485,0.001368647557683289,0.9886277318000793,0.0019996222108602524
images/val-854.jpg,neutral,0.9888529777526855,0.0021332900505512953,0.0009243068052455783,0.0010133194737136364,0.0043344637379050255,0.001159965293481946,0.9888529777526855,0.0015816856175661087
images/val-5734.jpg,happy,0.9948193430900574,0.00045538999256677926,0.00038405839586630464,0.0002916656085290015,0.9948193430900574,0.0005100271082483232,0.0020566084422171116,0.0014829980209469795
images/val-3674.jpg,neutral,0.9885228872299194,0.002556870924308896,0.0015502914320677519,0.0028655414935201406,0.003013182897120714,0.0009272784809581935,0.9885228872299194,0.0005639371811412275
images/val-1125.jpg,fear,0.5469350814819336,0.031699053943157196,0.5469350814819336,0.011083617806434631,0.36102303862571716,0.0011897531803697348,0.012500101700425148,0.03556934744119644
images/val-660.jpg,neutral,0.9800424575805664,0.002462910022586584,0.002357178833335638,0.007335122209042311,0.004906688816845417,0.0020903560798615217,0.9800424575805664,0.0008052776684053242
images/val-509.jpg,sad,0.9773862361907959,0.007766264956444502,0.0024162759073078632,0.9773862361907959,0.0012145857326686382,0.0020871225278824568,0.007865172810852528,0.001264233491383493
images/val-4052.jpg,sad,0.9302549958229065,0.007955176755785942,0.018748031929135323,0.9302549958229065,0.0018710808362811804,0.000707990606315434,0.03991582244634628,0.000546976865734905
images/val-3267.jpg,neutral,0.9422683715820312,0.0013899928890168667,0.004573056939989328,0.02845740132033825,0.02166747860610485,0.0010600138921290636,0.9422683715820312,0.0005836507771164179
images/val-334.jpg,angry,0.9456266760826111,0.9456266760826111,0.01571113057434559,0.01628967374563217,0.007201663218438625,0.0029927780851721764,0.00886936392635107,0.0033085234463214874
images/val-10180.jpg,happy,0.9930484294891357,0.0002995224785991013,0.00029082951368764043,0.0004819679306820035,0.9930484294891357,0.00043900214950554073,0.003643805393949151,0.0017965396400541067
images/val-2497.jpg,neutral,0.9873319268226624,0.0013137609930709004,0.000952739967033267,0.001327818725258112,0.005945212207734585,0.0015477038687095046,0.9873319268226624,0.0015808952739462256
images/val-3909.jpg,neutral,0.5255427360534668,0.1378384530544281,0.013653778471052647,0.05182616040110588,0.23023946583271027,0.011113869026303291,0.5255427360534668,0.02978556416928768
images/val-2069.jpg,happy,0.9939425587654114,0.0002871707547456026,0.0002604905457701534,0.000532253528945148,0.9939425587654114,0.00033905316377058625,0.002843316877260804,0.0017950722249224782
images/val-7759.jpg,happy,0.9951973557472229,0.0004927525878883898,0.0002883787965402007,0.00028345693135634065,0.9951973557472229,0.00043947447557002306,0.001354608335532248,0.0019439755706116557
images/val-1875.jpg,sad,0.9833727478981018,0.004150083288550377,0.002621375722810626,0.9833727478981018,0.0007988546858541667,0.0010260457638651133,0.007728929631412029,0.00030203271307982504
images/val-9241.jpg,happy,0.9664043188095093,0.0006198360933922231,0.0003453177341725677,0.0005560346180573106,0.9664043188095093,0.0008891604957170784,0.028016967698931694,0.003168194554746151
images/val-3572.jpg,angry,0.9140766859054565,0.9140766859054565,0.006980166304856539,0.001150511670857668,0.018678568303585052,0.04454467073082924,0.004491804633289576,0.010077503509819508
images/val-7620.jpg,happy,0.9920346140861511,0.00032997693051584065,0.0003130983095616102,0.0005812300369143486,0.9920346140861511,0.0006402176804840565,0.004238893277943134,0.0018620516639202833
images/val-4199.jpg,sad,0.7120380997657776,0.009029622189700603,0.011310453526675701,0.7120380997657776,0.008886939845979214,0.009197188541293144,0.23971755802631378,0.009820147417485714
images/val-6044.jpg,neutral,0.9874795079231262,0.002000269712880254,0.0023106636945158243,0.0025961175560951233,0.0015736962668597698,0.0011480470420792699,0.9874795079231262,0.002891656244173646
images/val-2750.jpg,happy,0.9957515001296997,0.0005313934525474906,0.0003192122676409781,0.0003734425699803978,0.9957515001296997,0.0004180819378234446,0.0010648437310010195,0.0015414977679029107
images/val-9927.jpg,happy,0.9947859644889832,0.00045402589603327215,0.00024028988264035434,0.0004076739423908293,0.9947859644889832,0.0005111587233841419,0.0015949956141412258,0.0020058637019246817
images/val-9950.jpg,happy,0.9881200790405273,0.000733408669475466,0.0012808440951630473,0.0006429191562347114,0.9881200790405273,0.0010363940382376313,0.0005788618000224233,0.007607532199472189
images/val-10814.jpg,happy,0.6945375204086304,0.0025563412345945835,0.0011464640265330672,0.005171469412744045,0.6945375204086304,0.0038239252753555775,0.2879866063594818,0.004777644295245409
images/val-2684.jpg,happy,0.8824416995048523,0.032563939690589905,0.004606617148965597,0.054564815014600754,0.8824416995048523,0.004356200806796551,0.006968596018850803,0.014498184435069561
images/val-5097.jpg,happy,0.9846264719963074,0.0011572014773264527,0.0015964454505592585,0.00046810938511043787,0.9846264719963074,0.0010083472589030862,0.0007111923769116402,0.010432169772684574
images/val-10519.jpg,neutral,0.8898188471794128,0.002407961990684271,0.010076118633151054,0.01490482222288847,0.02962971292436123,0.008901035413146019,0.8898188471794128,0.04426141083240509
images/val-9482.jpg,neutral,0.9622620344161987,0.0017012256430462003,0.0012087334180250764,0.0022108671255409718,0.029331747442483902,0.001919316709972918,0.9622620344161987,0.0013660610420629382
images/val-421.jpg,sad,0.9830231070518494,0.0017467415891587734,0.00524664344266057,0.9830231070518494,0.0018472913652658463,0.0012297536013647914,0.0061716740019619465,0.0007347732898779213
images/val-5112.jpg,sad,0.6101263165473938,0.12353265285491943,0.013191774487495422,0.6101263165473938,0.05482156202197075,0.001481642946600914,0.19526125490665436,0.0015847515314817429
images/val-9434.jpg,happy,0.9940502047538757,0.0003475901030469686,0.0003852186200674623,0.0005744940717704594,0.9940502047538757,0.0006149926339276135,0.0014117027167230844,0.0026157258544117212
images/val-6150.jpg,neutral,0.9790412187576294,0.003700993489474058,0.00806598924100399,0.005325711332261562,0.0017018718644976616,0.00047872765571810305,0.9790412187576294,0.0016855384455993772
images/val-6499.jpg,neutral,0.9412223100662231,0.0016276243841275573,0.013099380768835545,0.04003465175628662,0.0018400383414700627,0.0009029738139361143,0.9412223100662231,0.0012729946756735444
images/val-3250.jpg,happy,0.979390025138855,0.0007229543989524245,0.00035627593751996756,0.0012113815173506737,0.979390025138855,0.00097465148428455,0.013510053046047688,0.0038346077781170607
images/val-1246.jpg,neutral,0.9807301759719849,0.00935471709817648,0.0017176283290609717,0.005056221969425678,0.001606897683814168,0.0007559398654848337,0.9807301759719849,0.0007783748442307115
images/val-9701.jpg,angry,0.8948924541473389,0.8948924541473389,0.023829370737075806,0.016634974628686905,0.013496900908648968,0.012360436841845512,0.035778630524873734,0.0030074010137468576
images/val-3979.jpg,neutral,0.9364798069000244,0.012771445326507092,0.003334855427965522,0.014750862494111061,0.0287584587931633,0.002802265342324972,0.9364798069000244,0.001102259149774909
images/val-1670.jpg,neutral,0.9713791608810425,0.013272841461002827,0.0054790666326880455,0.005336548201739788,0.0025336481630802155,0.0008556609391234815,0.9713791608810425,0.0011431231396272779
images/val-4942.jpg,happy,0.576705813407898,0.2808985710144043,0.011086560785770416,0.05823534354567528,0.576705813407898,0.003015639027580619,0.06449202448129654,0.005566030275076628
images/val-9838.jpg,sad,0.6546280980110168,0.007837431505322456,0.002961660036817193,0.6546280980110168,0.007695123087614775,0.008713208138942719,0.31731635332107544,0.0008481706609018147
images/val-1984.jpg,sad,0.6466336250305176,0.03309811279177666,0.009779788553714752,0.6466336250305176,0.10500490665435791,0.05005874112248421,0.15294477343559265,0.0024800612591207027
images/val-9273.jpg,happy,0.9919255375862122,0.0004170717147644609,0.0007651694468222558,0.002395111136138439,0.9919255375862122,0.0005756588652729988,0.0018124200869351625,0.002109196735545993
images/val-673.jpg,happy,0.9941762685775757,0.0003151438431814313,0.00041138287633657455,0.00048741171485744417,0.9941762685775757,0.0006026853225193918,0.0019571499433368444,0.002049795351922512
images/val-5689.jpg,neutral,0.9671470522880554,0.0019653018098324537,0.0014344215160235763,0.0018403157591819763,0.025996360927820206,0.0007407685625366867,0.9671470522880554,0.0008757386822253466
images/val-8729.jpg,happy,0.9334755539894104,0.0007597060175612569,0.0015547667862847447,0.010897672735154629,0.9334755539894104,0.0007576052448712289,0.049479492008686066,0.003075161948800087
images/val-7019.jpg,neutral,0.8532921075820923,0.04231377691030502,0.003856422146782279,0.0031339963898062706,0.09223456680774689,0.0033205857034772635,0.8532921075820923,0.0018485651817172766
images/val-6072.jpg,neutral,0.3842962980270386,0.15561702847480774,0.13349106907844543,0.3064088523387909,0.00811830721795559,0.0030255436431616545,0.3842962980270386,0.009042988531291485
images/val-1130.jpg,happy,0.995092511177063,0.00035146024310961366,0.0002604717737995088,0.00033752794843167067,0.995092511177063,0.00054502411512658,0.001648243167437613,0.0017647250788286328
images/val-8290.jpg,neutral,0.932564377784729,0.019484668970108032,0.001927943667396903,0.04153520241379738,0.0018708935240283608,0.0019068523542955518,0.932564377784729,0.0007100971997715533
images/val-5591.jpg,sad,0.8548651337623596,0.006785113364458084,0.09811243414878845,0.8548651337623596,0.011070117354393005,0.014727286994457245,0.008331093937158585,0.006108781788498163
images/val-208.jpg,happy,0.9951670169830322,0.0003231534792575985,0.00040999363409355283,0.0003745814028661698,0.9951670169830322,0.0003656167828012258,0.0015232742298394442,0.0018364478601142764
images/val-6883.jpg,happy,0.9953092932701111,0.0006640784558840096,0.00036392855690792203,0.00035732664400711656,0.9953092932701111,0.00047280493890866637,0.001162105007097125,0.0016705243615433574
images/val-8032.jpg,sad,0.543244481086731,0.14711429178714752,0.08817576617002487,0.543244481086731,0.14792735874652863,0.0062589035369455814,0.0205104760825634,0.04676876589655876
images/val-1730.jpg,happy,0.9882181286811829,0.0004187544109299779,0.0005489767645485699,0.000756116583943367,0.9882181286811829,0.0008017898071557283,0.007681774441152811,0.0015744416741654277
images/val-7103.jpg,surprise,0.9260339140892029,0.00286226999014616,0.0022914365399628878,0.0015481070149689913,0.03988215699791908,0.0029243247117847204,0.02445775270462036,0.9260339140892029
images/val-5935.jpg,happy,0.9891668558120728,0.0013999863294884562,0.0005494875949807465,0.0011497648665681481,0.9891668558120728,0.0010489890119060874,0.0026043220423161983,0.004080533050000668
images/val-7533.jpg,neutral,0.8889882564544678,0.0022444776259362698,0.001788018038496375,0.004172711633145809,0.09835983067750931,0.0013611353933811188,0.8889882564544678,0.0030856095254421234
images/val-2507.jpg,neutral,0.6191973686218262,0.019002482295036316,0.005726776085793972,0.030489081516861916,0.3215179741382599,0.0019499689806252718,0.6191973686218262,0.0021163637284189463
images/val-7136.jpg,neutral,0.6684084534645081,0.004317415412515402,0.27546775341033936,0.04227307066321373,0.00426471745595336,0.0007699319976381958,0.6684084534645081,0.004498583730310202
images/val-2886.jpg,happy,0.9948334693908691,0.000646054046228528,0.000341880222549662,0.00032557948725298047,0.9948334693908691,0.0005068574682809412,0.0011734457220882177,0.002172790700569749
images/val-8549.jpg,happy,0.8691459894180298,0.0006483120378106833,0.0011608360800892115,0.0020265383645892143,0.8691459894180298,0.0007157787913456559,0.12265079468488693,0.0036517754197120667
images/val-4426.jpg,fear,0.325332373380661,0.0606398768723011,0.325332373380661,0.004812311381101608,0.21058380603790283,0.0895371064543724,0.18502484261989594,0.1240696907043457
images/val-10092.jpg,happy,0.9881126284599304,0.005087769590318203,0.0011879693483933806,0.0020886727143079042,0.9881126284599304,0.00046018598368391395,0.002142836106941104,0.0009198753396049142
images/val-8818.jpg,neutral,0.9906123280525208,0.002228566212579608,0.0016385877970606089,0.0020621593575924635,0.0014133080840110779,0.0008673495030961931,0.9906123280525208,0.0011776612373068929
images/val-7922.jpg,neutral,0.988640546798706,0.002926448592916131,0.0011794008314609528,0.0026765342336148024,0.002651489106938243,0.0008676860597915947,0.988640546798706,0.001058037276379764
images/val-7617.jpg,angry,0.7498393058776855,0.7498393058776855,0.0968255028128624,0.12694889307022095,0.012873011641204357,0.004038630519062281,0.004662299994379282,0.004812406376004219
images/val-7137.jpg,happy,0.9102507829666138,0.0010178183438256383,0.006412952207028866,0.03387302905321121,0.9102507829666138,0.001334817730821669,0.04400310292840004,0.0031075114384293556
images/val-9708.jpg,happy,0.8315677642822266,0.04544730484485626,0.013496647588908672,0.05921943858265877,0.8315677642822266,0.017622867599129677,0.02719053067266941,0.005455413833260536
images/val-4398.jpg,happy,0.991479754447937,0.0009422236471436918,0.0003495167475193739,0.00041883616358973086,0.991479754447937,0.00033346418058499694,0.00444401241838932,0.0020322485361248255
images/val-5281.jpg,happy,0.5513840913772583,0.000954475428443402,0.0014281391631811857,0.0021979794837534428,0.5513840913772583,0.002761775627732277,0.4361511766910553,0.005122392438352108
images/val-4023.jpg,happy,0.9932390451431274,0.0006462716264650226,0.00036556366831064224,0.0010241175768896937,0.9932390451431274,0.0005742571665905416,0.0018299829680472612,0.0023207473568618298
images/val-1420.jpg,happy,0.9926984906196594,0.0015528532676398754,0.0003350373008288443,0.00038095738273113966,0.9926984906196594,0.0007002182537689805,0.0007730600773356855,0.0035593861248344183
images/val-4570.jpg,neutral,0.9742142558097839,0.0025745192542672157,0.00348412012681365,0.011402302421629429,0.0018885337049141526,0.003189956769347191,0.9742142558097839,0.0032463138923048973
images/val-7386.jpg,neutral,0.9626241326332092,0.005963190924376249,0.016078855842351913,0.0021446645259857178,0.004077129997313023,0.0014462906401604414,0.9626241326332092,0.007665812503546476
images/val-3996.jpg,neutral,0.9890166521072388,0.0034390457440167665,0.002776928013190627,0.0016774473479017615,0.001210553920827806,0.0008978596306405962,0.9890166521072388,0.0009813911747187376
images/val-7614.jpg,happy,0.9954373240470886,0.00036476048990152776,0.00025795112014748156,0.00039252976421266794,0.9954373240470886,0.0004309976357035339,0.0016210372559726238,0.001495283329859376
images/val-9337.jpg,neutral,0.987663209438324,0.0016217558877542615,0.0006791673949919641,0.001415700651705265,0.005085567478090525,0.0016551093431189656,0.987663209438324,0.0018794989446178079
images/val-10000.jpg,happy,0.9360900521278381,0.0011602611048147082,0.001468941569328308,0.0036036435049027205,0.9360900521278381,0.001395550207234919,0.05414775386452675,0.0021338057704269886
images/val-10673.jpg,happy,0.9928218722343445,0.00042694812873378396,0.00030699349008500576,0.0005416733911260962,0.9928218722343445,0.00045873038470745087,0.0013079539639875293,0.004135921131819487
images/val-5512.jpg,neutral,0.9887402653694153,0.0030564554035663605,0.002707598265260458,0.0024919433053582907,0.0018052723025903106,0.0006060358718968928,0.9887402653694153,0.0005923455464653671
images/val-471.jpg,angry,0.49496981501579285,0.49496981501579285,0.060608409345149994,0.1468678116798401,0.007067694794386625,0.001007574493996799,0.28554826974868774,0.003930490929633379
images/val-8099.jpg,sad,0.9607418775558472,0.00872312393039465,0.0025706773158162832,0.9607418775558472,0.011757767759263515,0.003007940948009491,0.010867564007639885,0.00233101868070662
images/val-5326.jpg,happy,0.9918562173843384,0.0002553941449150443,0.0005627635400742292,0.0009436107939109206,0.9918562173843384,0.0004995120107196271,0.0047564320266246796,0.001126089016906917
images/val-2980.jpg,sad,0.9831136465072632,0.001863508252426982,0.003953475970774889,0.9831136465072632,0.0024310725275427103,0.004029272124171257,0.002779538743197918,0.0018294168403372169
images/val-7989.jpg,neutral,0.9821673631668091,0.005533370189368725,0.006311153061687946,0.0028243609704077244,0.0016734632663428783,0.0007807996589690447,0.9821673631668091,0.0007093691383488476
images/val-3476.jpg,sad,0.9570322632789612,0.02076016366481781,0.01322255190461874,0.9570322632789612,0.0007859706529416144,0.0010210202308371663,0.006741568446159363,0.0004364440683275461
images/val-5814.jpg,happy,0.995147168636322,0.000409943051636219,0.0003989347897004336,0.00040676258504390717,0.995147168636322,0.0006082770996727049,0.0010829259408637881,0.0019458744209259748
images/val-4233.jpg,fear,0.4379391074180603,0.06273698806762695,0.4379391074180603,0.36330223083496094,0.002992186928167939,0.11902496218681335,0.005433437880128622,0.008571000769734383
images/val-5577.jpg,happy,0.9947860240936279,0.00045762595254927874,0.00026161421556025743,0.0003545844811014831,0.9947860240936279,0.0005810035509057343,0.0015088929794728756,0.002050259616225958
images/val-4582.jpg,sad,0.9578845500946045,0.005564512684941292,0.026869075372815132,0.9578845500946045,0.0013944987440481782,0.001239280798472464,0.0026690091472119093,0.0043790703639388084
images/val-9768.jpg,fear,0.8792545199394226,0.07237263023853302,0.8792545199394226,0.00682104891166091,0.01347034890204668,0.0016206848667934537,0.002932199975475669,0.023528538644313812
images/val-4527.jpg,angry,0.5724695920944214,0.5724695920944214,0.11547171324491501,0.22344784438610077,0.04986283928155899,0.018322959542274475,0.0070844232104718685,0.01334055420011282
images/val-9107.jpg,neutral,0.9369946122169495,0.0014028798323124647,0.0011723428033292294,0.0013058517361059785,0.05407077446579933,0.002145664067938924,0.9369946122169495,0.0029077965300530195
images/val-167.jpg,happy,0.9879850745201111,0.00024247092369478196,0.00033541215816512704,0.000720650888979435,0.9879850745201111,0.0005005162674933672,0.008476593531668186,0.0017392076551914215
images/val-8465.jpg,sad,0.5966141223907471,0.005958083551377058,0.015701591968536377,0.5966141223907471,0.002072090283036232,0.0005658945883624256,0.3785305917263031,0.0005575743271037936
images/val-3131.jpg,happy,0.9900348782539368,0.002305900678038597,0.0005549858906306326,0.0007582853431813419,0.9900348782539368,0.0004446675593499094,0.002422207035124302,0.003479127772152424
images/val-1403.jpg,happy,0.9475284814834595,0.0005162375746294856,0.0015303852269425988,0.005393679253757,0.9475284814834595,0.0005574913811869919,0.042646415531635284,0.0018272075103595853
images/val-3955.jpg,neutral,0.5599244236946106,0.051504362374544144,0.35281068086624146,0.011005445383489132,0.006735535804182291,0.0017124462174251676,0.5599244236946106,0.01630711555480957
images/val-10849.jpg,neutral,0.9350681900978088,0.0355013944208622,0.017893746495246887,0.006491918582469225,0.003268674947321415,0.0004394112038426101,0.9350681900978088,0.0013366268249228597
images/val-10573.jpg,happy,0.9882678389549255,0.00036115082912147045,0.00023543981660623103,0.0005871657631359994,0.9882678389549255,0.0005629808874800801,0.007707567419856787,0.0022778757847845554
images/val-9097.jpg,happy,0.9880218505859375,0.00028628396103158593,0.00037573889130726457,0.0004414960276335478,0.9880218505859375,0.0005170138902030885,0.008311733603477478,0.0020460234954953194
images/val-3938.jpg,happy,0.9835641384124756,0.001697120489552617,0.0005604667821899056,0.0006480589509010315,0.9835641384124756,0.0007775327540002763,0.010518544353544712,0.002234232611954212
images/val-7801.jpg,neutral,0.5813058018684387,0.29523909091949463,0.012269875034689903,0.08888904005289078,0.004187026526778936,0.013424582779407501,0.5813058018684387,0.004684531595557928
images/val-8042.jpg,angry,0.7162129282951355,0.7162129282951355,0.010205244645476341,0.020236045122146606,0.20992356538772583,0.004017532337456942,0.03121027909219265,0.00819446798413992
images/val-7343.jpg,angry,0.9546566605567932,0.9546566605567932,0.009903449565172195,0.010667248629033566,0.003531124908477068,0.01024602446705103,0.009740910492837429,0.0012545223580673337
images/val-283.jpg,happy,0.9917928576469421,0.0003832205547951162,0.00032782438211143017,0.0003609884006436914,0.9917928576469421,0.000675213523209095,0.0019096223404631019,0.00455018226057291
images/val-1525.jpg,fear,0.47789207100868225,0.4617682099342346,0.47789207100868225,0.03285568952560425,0.0024225530214607716,0.0020409387070685625,0.020544100552797318,0.002476366003975272
images/val-4821.jpg,neutral,0.5023916959762573,0.017890529707074165,0.04811583459377289,0.16310670971870422,0.23981444537639618,0.01763424277305603,0.5023916959762573,0.011046605184674263
images/val-3631.jpg,neutral,0.9554709792137146,0.015377761796116829,0.007801368832588196,0.0019076971802860498,0.0034311474300920963,0.0017424230463802814,0.9554709792137146,0.014268654398620129
images/val-6626.jpg,neutral,0.7667250633239746,0.001554009155370295,0.0011397632770240307,0.0031855623237788677,0.22301621735095978,0.002316146157681942,0.7667250633239746,0.0020631973166018724
images/val-3987.jpg,happy,0.9932437539100647,0.00029144372092559934,0.0003625808167271316,0.0007291160873137414,0.9932437539100647,0.0005436803912743926,0.0029503193218261003,0.0018792111659422517
images/val-5017.jpg,fear,0.3975985050201416,0.2655172049999237,0.3975985050201416,0.013655789196491241,0.060109082609415054,0.0033779707737267017,0.22369809448719025,0.036043427884578705
images/val-9529.jpg,angry,0.9813981652259827,0.9813981652259827,0.007212224416434765,0.0024385417345911264,0.0009047712665051222,0.001391189987771213,0.004656251519918442,0.001998837571591139
images/val-6047.jpg,happy,0.9828169345855713,0.000553231337107718,0.0016580148367211223,0.0014682201435789466,0.9828169345855713,0.0012098305160179734,0.008498885668814182,0.003794866381213069
images/val-7754.jpg,happy,0.635227382183075,0.004323951434344053,0.023100458085536957,0.0190278347581625,0.635227382183075,0.007695536129176617,0.308109313249588,0.0025154787581413984
images/val-9069.jpg,neutral,0.9420949816703796,0.0036768487188965082,0.002200465416535735,0.004754365421831608,0.04598674178123474,0.00048156085540540516,0.9420949816703796,0.0008050437900237739
images/val-8699.jpg,happy,0.9895349144935608,0.0004105996631551534,0.0005029136082157493,0.0011582799488678575,0.9895349144935608,0.00039761632797308266,0.0068041072227060795,0.0011915505165234208
images/val-5633.jpg,happy,0.9939562678337097,0.0002393241156823933,0.0002761073410511017,0.0006310947937890887,0.9939562678337097,0.00046667162678204477,0.0027293460443615913,0.001701179426163435
images/val-6972.jpg,happy,0.9955405592918396,0.00035679785651154816,0.00033604298369027674,0.0005144358146935701,0.9955405592918396,0.00045482965651899576,0.001379090012051165,0.0014183730818331242
images/val-9018.jpg,neutral,0.9886131286621094,0.0013571856543421745,0.0018390023615211248,0.0056445845402777195,0.0015616955934092402,0.00039551558438688517,0.9886131286621094,0.0005887968582101166
images/val-5420.jpg,fear,0.9095293283462524,0.0629601925611496,0.9095293283462524,0.005994654726237059,0.009937464259564877,0.0021989974193274975,0.0015799356624484062,0.0077994465827941895
images/val-5765.jpg,happy,0.9892968535423279,0.0016011971747502685,0.0006860069697722793,0.00394231965765357,0.9892968535423279,0.000528954726178199,0.0018140480387955904,0.0021307282149791718
images/val-7435.jpg,sad,0.538665771484375,0.35406026244163513,0.06703608483076096,0.538665771484375,0.0015051247319206595,0.010547453537583351,0.018646173179149628,0.009539162740111351
images/val-4439.jpg,sad,0.9038090705871582,0.03446926549077034,0.020678510889410973,0.9038090705871582,0.028634538874030113,0.0032543963752686977,0.007584764622151852,0.0015694585163146257
images/val-5024.jpg,angry,0.37945544719696045,0.37945544719696045,0.14934015274047852,0.27372509241104126,0.15725019574165344,0.005585698410868645,0.021350251510739326,0.013293171301484108
images/val-4119.jpg,happy,0.5930647850036621,0.0025315256789326668,0.0011708252131938934,0.0020633188541978598,0.5930647850036621,0.0015722024254500866,0.39613404870033264,0.0034633262548595667
images/val-3778.jpg,sad,0.9830337166786194,0.0025737767573446035,0.007221529725939035,0.9830337166786194,0.003013825509697199,0.0007879098411649466,0.0026665148325264454,0.0007028127438388765
images/val-1977.jpg,neutral,0.527134120464325,0.006274521350860596,0.006050975527614355,0.44363266229629517,0.009174301289021969,0.004973567556589842,0.527134120464325,0.0027598112355917692
images/val-3156.jpg,happy,0.8844135999679565,0.003419343614950776,0.0015795007348060608,0.004139683209359646,0.8844135999679565,0.002533405087888241,0.09945616871118546,0.004458187613636255
images/val-5170.jpg,happy,0.9954231381416321,0.0003407466283533722,0.00047692080261185765,0.0005590874934569001,0.9954231381416321,0.0003687180869746953,0.0013679909752681851,0.0014633223181590438
images/val-1959.jpg,neutral,0.9763143658638,0.01068534329533577,0.004615871701389551,0.0020230598747730255,0.0040194191969931126,0.0015216696774587035,0.9763143658638,0.0008202887256629765
images/val-8780.jpg,happy,0.6808851361274719,0.0035052706953138113,0.007730791810899973,0.03955778852105141,0.6808851361274719,0.007138014305382967,0.25926756858825684,0.0019155106274411082
images/val-3034.jpg,neutral,0.8094961047172546,0.043007347732782364,0.08262451738119125,0.025815587490797043,0.03280473127961159,0.0034807389602065086,0.8094961047172546,0.002771015977486968
images/val-3139.jpg,angry,0.8230764865875244,0.8230764865875244,0.012285290285944939,0.05587223917245865,0.025609418749809265,0.00556736858561635,0.07677431404590607,0.000814987113699317
images/val-3546.jpg,sad,0.8154576420783997,0.022322053089737892,0.024504404515028,0.8154576420783997,0.004721431061625481,0.0010101523948833346,0.1305760145187378,0.0014083234127610922
images/val-7934.jpg,happy,0.9908499717712402,0.00042206162470392883,0.000325494387652725,0.00032357301097363234,0.9908499717712402,0.0007593577611260116,0.0027880598790943623,0.004531481768935919
images/val-4531.jpg,neutral,0.9864891171455383,0.0009761115070432425,0.0011964092263951898,0.0014683441258966923,0.006991012487560511,0.0014883221592754126,0.9864891171455383,0.0013907392276450992
images/val-9660.jpg,happy,0.3338226079940796,0.1353917270898819,0.17197974026203156,0.006820229813456535,0.3338226079940796,0.21687129139900208,0.002141323173418641,0.13297304511070251
images/val-8596.jpg,happy,0.8157396912574768,0.1139449030160904,0.043451305478811264,0.003759847953915596,0.8157396912574768,0.003724129172042012,0.0030995546840131283,0.016280530020594597
images/val-9778.jpg,happy,0.9933174848556519,0.0004620291292667389,0.0006621071370318532,0.0006125674117356539,0.9933174848556519,0.0007169148302637041,0.0006807988975197077,0.003548058681190014
images/val-4637.jpg,happy,0.9938061237335205,0.00030105828773230314,0.0004670984053518623,0.0003961155307479203,0.9938061237335205,0.00041602496639825404,0.0031630275771021843,0.0014504912542179227
images/val-1648.jpg,sad,0.9853826761245728,0.002404290484264493,0.00653315894305706,0.9853826761245728,0.0008064559078775346,0.0016287772450596094,0.0027411561459302902,0.0005034893983975053
images/val-3181.jpg,neutral,0.9833717942237854,0.0008453548070974648,0.002797191496938467,0.009350057691335678,0.001991574652493,0.0007821509498171508,0.9833717942237854,0.0008619025466032326
images/val-4854.jpg,happy,0.9915276169776917,0.0002895765646826476,0.0003387492324691266,0.000501754751894623,0.9915276169776917,0.0005906827282160521,0.0033666163217276335,0.0033850090112537146
images/val-3728.jpg,happy,0.9924799203872681,0.0006211647996678948,0.0002977301774080843,0.0005382371018640697,0.9924799203872681,0.000735025794710964,0.0009820435661822557,0.004345978144556284
images/val-5913.jpg,angry,0.9532175660133362,0.9532175660133362,0.0022836606949567795,0.004122054670006037,0.002319018356502056,0.028440603986382484,0.003184181870892644,0.006432905327528715
images/val-2940.jpg,neutral,0.9799489378929138,0.0018437540857121348,0.00920156855136156,0.003677043365314603,0.0024083154276013374,0.001237091375514865,0.9799489378929138,0.001683363108895719
images/val-4953.jpg,neutral,0.8992528915405273,0.02323959954082966,0.0056291138753294945,0.04975401610136032,0.0030297976918518543,0.0009067375212907791,0.8992528915405273,0.018187828361988068
images/val-232.jpg,sad,0.9776380062103271,0.002236829372122884,0.002750056330114603,0.9776380062103271,0.010040163062512875,0.002754474990069866,0.003762902459129691,0.0008175664115697145
images/val-10314.jpg,neutral,0.9655858278274536,0.016622601076960564,0.006279026623815298,0.008959305472671986,0.0014932873891666532,0.000623739673756063,0.9655858278274536,0.0004361857136245817
images/val-2074.jpg,neutral,0.49244970083236694,0.01314355805516243,0.003717300482094288,0.013581905514001846,0.47092053294181824,0.004079068079590797,0.49244970083236694,0.0021079203579574823
images/val-4495.jpg,neutral,0.9759293794631958,0.0026613944210112095,0.009263312444090843,0.0016266179736703634,0.003085019998252392,0.001236596843227744,0.9759293794631958,0.006197689566761255
images/val-746.jpg,neutral,0.8511838912963867,0.001097341300919652,0.004589594900608063,0.013712110929191113,0.11907391995191574,0.002987070009112358,0.8511838912963867,0.0073560867458581924
images/val-894.jpg,angry,0.8902801871299744,0.8902801871299744,0.080135278403759,0.010201388970017433,0.003957109525799751,0.011492466554045677,0.0018299698131158948,0.0021035282406955957
images/val-9067.jpg,happy,0.992375910282135,0.0004907198599539697,0.000300062180031091,0.0006488331127911806,0.992375910282135,0.00038992485497146845,0.004625783301889896,0.0011687142541632056
images/val-4787.jpg,happy,0.9939674139022827,0.0003394407103769481,0.00037203653482720256,0.0004651956260204315,0.9939674139022827,0.0004954799078404903,0.0019539992790669203,0.0024063594173640013
images/val-10275.jpg,sad,0.7243232131004333,0.2502500116825104,0.006237997207790613,0.7243232131004333,0.0031204144470393658,0.0038345407228916883,0.007325537968426943,0.0049082497134804726
images/val-8043.jpg,happy,0.9935672879219055,0.00044437768519856036,0.00043383490992709994,0.00033779526711441576,0.9935672879219055,0.0004653033392969519,0.0030702073127031326,0.0016812215326353908
images/val-1681.jpg,neutral,0.49594569206237793,0.03168603777885437,0.07177571952342987,0.37602826952934265,0.004437888972461224,0.0008069297182373703,0.49594569206237793,0.019319387152791023
images/val-201.jpg,happy,0.9947322607040405,0.0003828400222118944,0.00028134166495874524,0.0004477744223549962,0.9947322607040405,0.0005030627944506705,0.0013438109308481216,0.0023090660106390715
images/val-9406.jpg,happy,0.9949648380279541,0.00037048524245619774,0.00026631640503183007,0.00035216272226534784,0.9949648380279541,0.00042586185736581683,0.0014429476577788591,0.002177453599870205
images/val-4659.jpg,happy,0.9943315982818604,0.00043143457151018083,0.00023116121883504093,0.00036280680797062814,0.9943315982818604,0.0004820021858904511,0.0022454862482845783,0.0019155496265739202
images/val-7691.jpg,happy,0.9937282800674438,0.00025993314920924604,0.00031429488444700837,0.0004253181687090546,0.9937282800674438,0.000571858137845993,0.002194282365962863,0.0025060963816940784
images/val-7844.jpg,neutral,0.7690805196762085,0.0026914922054857016,0.015534951351583004,0.1279793232679367,0.07294264435768127,0.002363939071074128,0.7690805196762085,0.009407153353095055
images/val-7217.jpg,happy,0.9433123469352722,0.021621279418468475,0.0013333557872101665,0.016266055405139923,0.9433123469352722,0.004557092674076557,0.004486791789531708,0.00842307973653078
images/val-5583.jpg,neutral,0.9731829166412354,0.0026658850256353617,0.01292957179248333,0.007268914952874184,0.0010260437848046422,0.0009669461287558079,0.9731829166412354,0.001959852874279022
images/val-3021.jpg,happy,0.9903938174247742,0.0008754946757107973,0.0013750818325206637,0.0019607467111200094,0.9903938174247742,0.0012893349630758166,0.0023587767500430346,0.0017467914149165154
images/val-842.jpg,sad,0.9797443151473999,0.006909563206136227,0.007678811438381672,0.9797443151473999,0.0010048460680991411,0.0006651429575867951,0.0032321354374289513,0.0007652333006262779
images/val-4137.jpg,sad,0.7843493819236755,0.09658964723348618,0.035164251923561096,0.7843493819236755,0.0024613081477582455,0.005372295621782541,0.06602330505847931,0.010039819404482841
images/val-7828.jpg,neutral,0.9870994687080383,0.0031267772428691387,0.001186905661597848,0.001545300823636353,0.005295214708894491,0.0007335772388614714,0.9870994687080383,0.0010128257563337684
images/val-1870.jpg,neutral,0.7335825562477112,0.09297126531600952,0.007377436384558678,0.09245358407497406,0.05362511798739433,0.014701555483043194,0.7335825562477112,0.005288494750857353
images/val-1071.jpg,happy,0.6357541084289551,0.004643648862838745,0.006428324151784182,0.2901720106601715,0.6357541084289551,0.015562424436211586,0.01818048395216465,0.029258904978632927
images/val-6566.jpg,neutral,0.7152507901191711,0.025834813714027405,0.05878860130906105,0.19549666345119476,0.0031471813563257456,0.000927371671423316,0.7152507901191711,0.0005545611493289471
images/val-8057.jpg,happy,0.9686164855957031,0.0021686358377337456,0.001974825281649828,0.00040891297976486385,0.9686164855957031,0.0020251718815416098,0.0007330315420404077,0.02407301962375641
images/val-1214.jpg,neutral,0.750700056552887,0.015301134437322617,0.010308202356100082,0.04778411239385605,0.16706547141075134,0.0013003854546695948,0.750700056552887,0.0075406525284051895
images/val-9454.jpg,happy,0.9852138161659241,0.00022791304218117148,0.0004437334428075701,0.0007456763996742666,0.9852138161659241,0.0007272014045156538,0.011122233234345913,0.0015194833977147937
images/val-879.jpg,fear,0.9260517358779907,0.0017646215856075287,0.9260517358779907,0.06637746840715408,0.001460413564927876,0.0009643583325669169,0.0024468288756906986,0.0009345790604129434
images/val-2486.jpg,sad,0.9873588681221008,0.004033677279949188,0.001973152393475175,0.9873588681221008,0.0012717663776129484,0.0007997495704330504,0.003926118370145559,0.0006366206798702478
images/val-2445.jpg,neutral,0.901437520980835,0.001857996336184442,0.008780739270150661,0.01974128559231758,0.05352150648832321,0.001311464817263186,0.901437520980835,0.013349464163184166
images/val-9222.jpg,happy,0.9941807389259338,0.0002932022325694561,0.000306498579448089,0.0003462956810835749,0.9941807389259338,0.00044596963562071323,0.0026725889183580875,0.0017546265153214335
images/val-10444.jpg,happy,0.8917863368988037,0.04548726975917816,0.0028924657963216305,0.002901202766224742,0.8917863368988037,0.006384320091456175,0.04795369133353233,0.0025948076508939266
images/val-1396.jpg,neutral,0.9883973002433777,0.0029782778583467007,0.0025273605715483427,0.0018428104231134057,0.0031513695139437914,0.0004516281478572637,0.9883973002433777,0.000651225564070046
images/val-4067.jpg,happy,0.9912238121032715,0.0007182577974162996,0.0007069570710882545,0.0006272228783927858,0.9912238121032715,0.00045447336742654443,0.005079636350274086,0.0011896329233422875
images/val-1941.jpg,angry,0.6835784316062927,0.6835784316062927,0.113044373691082,0.03571319952607155,0.011892413720488548,0.007853987626731396,0.007756487932056189,0.14016106724739075
images/val-9144.jpg,neutral,0.6297271251678467,0.012168984860181808,0.006239461712539196,0.014131264761090279,0.3323570191860199,0.0024242985527962446,0.6297271251678467,0.002951799426227808
images/val-6819.jpg,neutral,0.9886378645896912,0.0016897449968382716,0.001534404931589961,0.0027693191077560186,0.0016922124195843935,0.0020239974837750196,0.9886378645896912,0.0016525001265108585
images/val-9934.jpg,happy,0.9944124817848206,0.0007320225122384727,0.00025645337882451713,0.0003378553956281394,0.9944124817848206,0.00045418384252116084,0.002001458080485463,0.0018055516993626952
images/val-9767.jpg,neutral,0.989495575428009,0.0016766918124631047,0.0018736862111836672,0.0015634516021236777,0.0018056416884064674,0.0015958959702402353,0.989495575428009,0.0019890873227268457
images/val-3698.jpg,sad,0.9318797588348389,0.002845901995897293,0.004803765565156937,0.9318797588348389,0.017374254763126373,0.0019259753171354532,0.03980978950858116,0.0013605639105662704
images/val-8562.jpg,happy,0.8635632991790771,0.003910882864147425,0.0014582459116354585,0.001448370865546167,0.8635632991790771,0.003299164120107889,0.1023997887969017,0.023920351639389992
images/val-10338.jpg,happy,0.9938641786575317,0.00047721099690534174,0.00050102558452636,0.0004924117238260806,0.9938641786575317,0.0006953149568289518,0.000730543804820627,0.0032393671572208405
images/val-7382.jpg,happy,0.5152769088745117,0.004349872004240751,0.014314966276288033,0.012810724787414074,0.5152769088745117,0.0008677237783558667,0.4430151581764221,0.009364654310047626
images/val-7254.jpg,surprise,0.9547172784805298,0.0116278026252985,0.016987986862659454,0.00024215129087679088,0.011803408153355122,0.0032676151022315025,0.0013537940103560686,0.9547172784805298
images/val-4872.jpg,sad,0.9445598721504211,0.021346278488636017,0.01604040339589119,0.9445598721504211,0.0015617964090779424,0.0012268363498151302,0.014538617804646492,0.0007261060527525842
images/val-9643.jpg,angry,0.9518907070159912,0.9518907070159912,0.0068037183955311775,0.022063007578253746,0.0029988123569637537,0.007323641795665026,0.008315136656165123,0.0006050587398931384
images/val-7026.jpg,neutral,0.35675743222236633,0.26081427931785583,0.18372879922389984,0.06656549870967865,0.12162609398365021,0.002743974793702364,0.35675743222236633,0.007763981353491545
images/val-5004.jpg,sad,0.9140366315841675,0.0018039243295788765,0.005994109436869621,0.9140366315841675,0.004086330067366362,0.0006375890225172043,0.06996005028486252,0.003481358988210559
images/val-9317.jpg,angry,0.5282334685325623,0.5282334685325623,0.012716344557702541,0.11813657730817795,0.008685109205543995,0.24419951438903809,0.08113197982311249,0.006897031795233488
images/val-987.jpg,happy,0.9948339462280273,0.0004310285148676485,0.0005475543439388275,0.0007957296911627054,0.9948339462280273,0.0006702450918965042,0.0017176963156089187,0.0010037993779405951
images/val-9989.jpg,neutral,0.9890746474266052,0.0013953001471236348,0.0011219932930544019,0.0010873954743146896,0.0034426762722432613,0.0017081927508115768,0.9890746474266052,0.0021697846241295338
images/val-1626.jpg,happy,0.9950630068778992,0.0005557451513595879,0.0004884031950496137,0.000324988184729591,0.9950630068778992,0.00043928061495535076,0.0014493655180558562,0.0016791566740721464
images/val-3405.jpg,happy,0.9689966440200806,0.003610224463045597,0.008122115395963192,0.007165427785366774,0.9689966440200806,0.001966404030099511,0.0009458843269385397,0.009193241596221924
images/val-3458.jpg,happy,0.8269011378288269,0.0011427014833316207,0.0010695498203858733,0.0024640331976115704,0.8269011378288269,0.0014389257412403822,0.15575280785560608,0.01123079564422369
images/val-4336.jpg,neutral,0.8448773622512817,0.11039982736110687,0.02773345820605755,0.0043310984037816525,0.003741378663107753,0.003370667342096567,0.8448773622512817,0.005546235479414463
images/val-1331.jpg,fear,0.7913786172866821,0.010819458402693272,0.7913786172866821,0.16001801192760468,0.001933734747581184,0.001435314305126667,0.032646097242832184,0.0017687587533146143
images/val-2574.jpg,sad,0.9850957989692688,0.004513044375926256,0.004154836758971214,0.9850957989692688,0.0012573710409924388,0.0013848443049937487,0.0023779780603945255,0.001216186792589724
images/val-3930.jpg,happy,0.9925716519355774,0.0004371024842839688,0.0002559498243499547,0.00040504892240278423,0.9925716519355774,0.0005129741039127111,0.0021849116310477257,0.0036323536187410355
images/val-2848.jpg,neutral,0.7909278273582458,0.0012382896384224296,0.0013124564429745078,0.0019688536413013935,0.19606086611747742,0.003144885879009962,0.7909278273582458,0.005346874240785837
images/val-9044.jpg,fear,0.6674870252609253,0.12113610655069351,0.6674870252609253,0.13085268437862396,0.002684334758669138,0.0014601318398490548,0.07315973937511444,0.00321997725404799
images/val-1230.jpg,neutral,0.5393643975257874,0.0012642124202102423,0.0019616952631622553,0.0018269844586029649,0.4422554075717926,0.0030630638357251883,0.5393643975257874,0.010264218784868717
images/val-2565.jpg,angry,0.4247303903102875,0.4247303903102875,0.314582884311676,0.0785786360502243,0.02076108194887638,0.0039056772366166115,0.1506221741437912,0.006819155532866716
images/val-44.jpg,happy,0.993019163608551,0.00042272996506653726,0.00046021578600630164,0.0006527419318445027,0.993019163608551,0.000433063309174031,0.0032033107709139585,0.0018087635980919003
images/val-6694.jpg,neutral,0.9620330929756165,0.014998489059507847,0.0015402005519717932,0.0022283121943473816,0.016077568754553795,0.0020713431295007467,0.9620330929756165,0.0010510495631024241
images/val-10096.jpg,angry,0.6522336602210999,0.6522336602210999,0.09704559296369553,0.010098138824105263,0.11327241361141205,0.00699095893651247,0.10878675431013107,0.011572401039302349
images/val-9730.jpg,happy,0.6740085482597351,0.006032287608832121,0.005875698756426573,0.24857208132743835,0.6740085482597351,0.005656607914716005,0.008922943845391273,0.050931885838508606
images/val-7700.jpg,happy,0.9932414293289185,0.0007522907690145075,0.0007914925809018314,0.0006572767160832882,0.9932414293289185,0.0006766479928046465,0.0006317825755104423,0.0032490859739482403
images/val-4772.jpg,happy,0.9950147271156311,0.00035920998197980225,0.0002936390810646117,0.0003583188517950475,0.9950147271156311,0.00046035167179070413,0.0012645185925066471,0.0022491856943815947
images/val-535.jpg,sad,0.9753283262252808,0.006121145561337471,0.003857724368572235,0.9753283262252808,0.003263885388150811,0.003126345342025161,0.00769623089581728,0.0006063477485440671
images/val-3793.jpg,sad,0.9750924110412598,0.004517593886703253,0.009615445509552956,0.9750924110412598,0.0013234615325927734,0.0018640568014234304,0.007155111059546471,0.00043197942432016134
images/val-4721.jpg,happy,0.9938640594482422,0.00038321889587678015,0.00021856511011719704,0.00039434913196600974,0.9938640594482422,0.00048518870607949793,0.0029306169599294662,0.0017240361776202917
images/val-4633.jpg,sad,0.8820248246192932,0.016961827874183655,0.008436417207121849,0.8820248246192932,0.002228228375315666,0.0006322399131022394,0.08918245136737823,0.0005340444622561336
images/val-7439.jpg,sad,0.9725117087364197,0.007665880024433136,0.013502649962902069,0.9725117087364197,0.0006516820867545903,0.002064730506390333,0.0027642452623695135,0.000839155341964215
images/val-1167.jpg,neutral,0.6641533374786377,0.0034153759479522705,0.03430939093232155,0.29215091466903687,0.003931050654500723,0.0010880203917622566,0.6641533374786377,0.0009518960141576827
images/val-3825.jpg,neutral,0.9844660758972168,0.0026467982679605484,0.007247480098158121,0.0031262775883078575,0.0011176838306710124,0.0005290840053930879,0.9844660758972168,0.0008665125933475792
images/val-4335.jpg,neutral,0.9728825688362122,0.0042189015075564384,0.0007487100665457547,0.001204859814606607,0.01832347735762596,0.000982157071121037,0.9728825688362122,0.0016393157420679927
images/val-9664.jpg,happy,0.992224931716919,0.0005640378803946078,0.0004660980775952339,0.000644447049126029,0.992224931716919,0.000994306057691574,0.0007033656584098935,0.004402895923703909
images/val-3242.jpg,sad,0.9878050088882446,0.002891977783292532,0.002598342951387167,0.9878050088882446,0.001365954871289432,0.0020453499164432287,0.002346336143091321,0.000947000808082521
images/val-10400.jpg,fear,0.3991256058216095,0.022463666275143623,0.3991256058216095,0.18582044541835785,0.28769242763519287,0.013826673850417137,0.010805889032781124,0.08026531338691711
images/val-1881.jpg,neutral,0.9879273772239685,0.0020410290453583,0.0008987364708445966,0.0009554940625093877,0.004945507273077965,0.001641003997065127,0.9879273772239685,0.001590824220329523
images/val-8923.jpg,happy,0.9944962859153748,0.0003570381668396294,0.00021287093113642186,0.00041950991726480424,0.9944962859153748,0.00039388512959703803,0.0026688731741160154,0.001451457035727799
images/val-3684.jpg,neutral,0.9859463572502136,0.002110186265781522,0.0011108049657195807,0.0010108237620443106,0.004645308014005423,0.002019288018345833,0.9859463572502136,0.0031573243904858828
images/val-2442.jpg,neutral,0.9212732315063477,0.03111026994884014,0.01467946544289589,0.030857762321829796,0.0011335338931530714,0.0003244817489758134,0.9212732315063477,0.0006212634034454823
images/val-4353.jpg,disgust,0.7131860852241516,0.2161569595336914,0.05150647833943367,0.004573747981339693,0.004210902843624353,0.7131860852241516,0.0032882688101381063,0.007077695801854134
images/val-2331.jpg,angry,0.9658817648887634,0.9658817648887634,0.007597200572490692,0.0039976732805371284,0.0022679418325424194,0.0073647936806082726,0.00522345956414938,0.007667243015021086
images/val-10877.jpg,neutral,0.8756560683250427,0.010707009583711624,0.014688132330775261,0.05928472429513931,0.033556003123521805,0.0015527450013905764,0.8756560683250427,0.004555346444249153
images/val-978.jpg,fear,0.6666407585144043,0.17048640549182892,0.6666407585144043,0.06648577004671097,0.002897079801186919,0.06946834176778793,0.0012684195535257459,0.022753262892365456
images/val-2719.jpg,neutral,0.9093956351280212,0.0044821095652878284,0.011134084314107895,0.006873039063066244,0.003842019708827138,0.001408277777954936,0.9093956351280212,0.06286486983299255
images/val-5040.jpg,sad,0.922573447227478,0.0030836143996566534,0.0032585428562015295,0.922573447227478,0.001770724426023662,0.0028378909919410944,0.0658128410577774,0.0006630069110542536
images/val-10643.jpg,sad,0.729706346988678,0.03489714115858078,0.12412440031766891,0.729706346988678,0.038783714175224304,0.01647678203880787,0.052550893276929855,0.003460752312093973
images/val-9326.jpg,neutral,0.9803940057754517,0.005109601654112339,0.006705769337713718,0.005369866732507944,0.0013169707963243127,0.0006928586517460644,0.9803940057754517,0.00041090784361585975
images/val-4729.jpg,fear,0.9248350262641907,0.006169092375785112,0.9248350262641907,0.016444191336631775,0.000772673636674881,0.0004959076177328825,0.04984069615602493,0.001442468143068254
images/val-7196.jpg,happy,0.9445228576660156,0.0006564270006492734,0.0012015923857688904,0.004449510481208563,0.9445228576660156,0.0036885133013129234,0.04185063764452934,0.0036303328815847635
images/val-2038.jpg,sad,0.9467859864234924,0.01840585097670555,0.03019983135163784,0.9467859864234924,0.001234386465512216,0.0008412115275859833,0.002133998554199934,0.0003987056261394173
images/val-7680.jpg,happy,0.9013186693191528,0.01207992248237133,0.0016491280402988195,0.06453026831150055,0.9013186693191528,0.006146514788269997,0.00551582220941782,0.008759642951190472
images/val-4983.jpg,sad,0.4720824062824249,0.06949613243341446,0.11412665247917175,0.4720824062824249,0.010693944990634918,0.0020515809301286936,0.32327350974082947,0.008275787346065044
images/val-6595.jpg,neutral,0.8146993517875671,0.028225785121321678,0.025356892496347427,0.12920056283473969,0.0011787810362875462,0.0008626709459349513,0.8146993517875671,0.00047594940406270325
images/val-4461.jpg,happy,0.5983681678771973,0.1657772958278656,0.09890905767679214,0.06424792855978012,0.5983681678771973,0.00320005533285439,0.051217321306467056,0.018280159682035446
images/val-8200.jpg,neutral,0.9751026034355164,0.0013150270096957684,0.0007969647413119674,0.0015515269478783011,0.011483397334814072,0.0029112265910953283,0.9751026034355164,0.006839301902800798
images/val-8848.jpg,neutral,0.419399619102478,0.2985265254974365,0.030378079041838646,0.16018062829971313,0.042661402374506,0.04575628042221069,0.419399619102478,0.003097506007179618
images/val-8091.jpg,happy,0.9306043386459351,0.0005329139530658722,0.0032973752822726965,0.0035115499049425125,0.9306043386459351,0.0018029279308393598,0.047119416296482086,0.013131340965628624
images/val-7173.jpg,sad,0.5135790705680847,0.10620281845331192,0.0920560285449028,0.5135790705680847,0.26391440629959106,0.012286967597901821,0.0037431614473462105,0.008217526599764824
images/val-1318.jpg,happy,0.9898415207862854,0.00030833424534648657,0.0003736014186870307,0.0005031788605265319,0.9898415207862854,0.0005432787584140897,0.006800797302275896,0.0016292667714878917
images/val-9799.jpg,neutral,0.9859504103660583,0.0008291894919238985,0.0011064392747357488,0.0019035660661756992,0.006749546155333519,0.0007313971291296184,0.9859504103660583,0.002729391446337104
images/val-10540.jpg,happy,0.9943040013313293,0.00025918942992575467,0.0003225055115763098,0.00035277463030070066,0.9943040013313293,0.00043111477862112224,0.0016244048019871116,0.002705974504351616
images/val-7079.jpg,happy,0.6775820851325989,0.08454766869544983,0.07303712517023087,0.1409565508365631,0.6775820851325989,0.01568124070763588,0.005130872596055269,0.0030644824728369713
images/val-10218.jpg,fear,0.9166150689125061,0.06336019933223724,0.9166150689125061,0.008655858226120472,0.002836324041709304,0.003554205410182476,0.002176593989133835,0.002801819471642375
images/val-10911.jpg,happy,0.995192289352417,0.00031873065745458007,0.0003027689817827195,0.0004520975926425308,0.995192289352417,0.00036021650885231793,0.0013816728023812175,0.0019922929350286722
images/val-4103.jpg,sad,0.9740067720413208,0.00576632097363472,0.002141800243407488,0.9740067720413208,0.0009324995335191488,0.0046494100242853165,0.012166308239102364,0.0003368281468283385
images/val-424.jpg,neutral,0.9212448000907898,0.004784462042152882,0.011178369633853436,0.012758053839206696,0.02412521466612816,0.002148966770619154,0.9212448000907898,0.023760249838232994
images/val-1497.jpg,happy,0.94964998960495,0.0010798287112265825,0.001246682833880186,0.003250273410230875,0.94964998960495,0.000687405641656369,0.04133814200758934,0.0027476802933961153
images/val-10736.jpg,happy,0.9917504191398621,0.0003608550759963691,0.0006605524104088545,0.0010894766310229897,0.9917504191398621,0.00042870035395026207,0.004155750386416912,0.0015541663160547614
images/val-9425.jpg,neutral,0.9878928065299988,0.0042439899407327175,0.001336140907369554,0.003935448359698057,0.001317843096330762,0.0008720953483134508,0.9878928065299988,0.0004015295999124646
images/val-9620.jpg,angry,0.6112025380134583,0.6112025380134583,0.01370947901159525,0.31975042819976807,0.0011887806467711926,0.0010180381359532475,0.05047353357076645,0.0026572488714009523
images/val-340.jpg,happy,0.9940418601036072,0.00035129458410665393,0.00022446821094490588,0.0003805717278737575,0.9940418601036072,0.0004162213299423456,0.0029027587734162807,0.0016828381922096014
images/val-4416.jpg,sad,0.8134477138519287,0.0418202169239521,0.06537384539842606,0.8134477138519287,0.05620257183909416,0.0028310187626630068,0.01213034801185131,0.0081943329423666
images/val-9442.jpg,happy,0.9873560070991516,0.0003096817818004638,0.0003246573032811284,0.0005519842961803079,0.9873560070991516,0.0004335810663178563,0.009242961183190346,0.0017812119331210852
images/val-10283.jpg,sad,0.9828070402145386,0.006382862571626902,0.0018088959623128176,0.9828070402145386,0.0021305344998836517,0.00306393182836473,0.0030255052261054516,0.0007812012918293476
images/val-2871.jpg,angry,0.8813169002532959,0.8813169002532959,0.00989529862999916,0.002212091814726591,0.08832386136054993,0.00447198236361146,0.0028636096976697445,0.010916161350905895
images/val-7709.jpg,neutral,0.9854640364646912,0.0010328100761398673,0.0010487243998795748,0.0035529793240129948,0.0076103233732283115,0.0005567698972299695,0.9854640364646912,0.0007343890029005706
images/val-8503.jpg,happy,0.9943747520446777,0.00027439594850875437,0.00031528458930552006,0.0004591346951201558,0.9943747520446777,0.0006579693290404975,0.0015106184873729944,0.002407853724434972
images/val-7246.jpg,neutral,0.973630428314209,0.001877503120340407,0.007822000421583652,0.0063305264338850975,0.006598966661840677,0.0014025645796209574,0.973630428314209,0.0023379698395729065
images/val-10926.jpg,neutral,0.8791491389274597,0.015931377187371254,0.047916147857904434,0.038880519568920135,0.0039221919141709805,0.010328263975679874,0.8791491389274597,0.003872330766171217
images/val-2974.jpg,happy,0.9897305965423584,0.000969214248470962,0.0006777145899832249,0.001646604621782899,0.9897305965423584,0.0004887019749730825,0.005627505946904421,0.0008595852414146066
images/val-9591.jpg,neutral,0.9273403882980347,0.03448251262307167,0.00838678702712059,0.02174360491335392,0.002111216774210334,0.004173300229012966,0.9273403882980347,0.001762275816872716
images/val-7142.jpg,surprise,0.338672399520874,0.07516206055879593,0.22324742376804352,0.1269516795873642,0.016546210274100304,0.011231525801122189,0.2081887125968933,0.338672399520874
images/val-10114.jpg,neutral,0.9066078066825867,0.004394483286887407,0.001041186391375959,0.0070095849223434925,0.07789798080921173,0.0008486179867759347,0.9066078066825867,0.0022002726327627897
images/val-1495.jpg,sad,0.9808390140533447,0.002057980513200164,0.0019507771357893944,0.9808390140533447,0.00139610527548939,0.001259530778042972,0.011932763271033764,0.0005638705333694816
images/val-7701.jpg,angry,0.7533556222915649,0.7533556222915649,0.021566562354564667,0.026333138346672058,0.010811840184032917,0.006887413095682859,0.15430693328380585,0.026738625019788742
images/val-5701.jpg,happy,0.9947408437728882,0.00041134830098599195,0.0005982346483506262,0.0007119770161807537,0.9947408437728882,0.0004210264014545828,0.0017135648522526026,0.0014030748279765248
images/val-6691.jpg,neutral,0.9743260145187378,0.015504163689911366,0.0026268078945577145,0.0034044033382087946,0.002817467087879777,0.0007811280083842576,0.9743260145187378,0.000540012726560235
images/val-5461.jpg,happy,0.9944589138031006,0.00024400412803515792,0.00041576186777092516,0.0003635361499618739,0.9944589138031006,0.0004757962888106704,0.0018310400191694498,0.0022109171841293573
images/val-5261.jpg,sad,0.4561220407485962,0.0384497232735157,0.34878528118133545,0.4561220407485962,0.0037734301295131445,0.007960756309330463,0.13767017424106598,0.007238576654344797
images/val-1714.jpg,fear,0.393694669008255,0.0632694736123085,0.393694669008255,0.009597213938832283,0.16909214854240417,0.0059407916851341724,0.05601101368665695,0.30239468812942505
images/val-2635.jpg,happy,0.9944392442703247,0.00032582966377958655,0.0002794734900817275,0.0003048923972528428,0.9944392442703247,0.00044021225767210126,0.0013292744988575578,0.0028810924850404263
images/val-5404.jpg,neutral,0.9779171943664551,0.0016545183025300503,0.002094551222398877,0.0017844735411927104,0.014591963030397892,0.000901903142221272,0.9779171943664551,0.0010553882457315922
images/val-6745.jpg,angry,0.506284236907959,0.506284236907959,0.15987372398376465,0.01524308416992426,0.1181146427989006,0.007857195101678371,0.1820119023323059,0.010615217499434948
images/val-8118.jpg,sad,0.9889224767684937,0.0020342348143458366,0.004671662114560604,0.9889224767684937,0.0010378459701314569,0.000826371309813112,0.0019024774665012956,0.0006049356888979673
images/val-4723.jpg,neutral,0.9617158770561218,0.0029982051346451044,0.002232232829555869,0.003204466076567769,0.021058205515146255,0.0018463577143847942,0.9617158770561218,0.006944646593183279
images/val-6562.jpg,neutral,0.9879294633865356,0.0014376447070389986,0.0014061803231015801,0.0009653983288444579,0.005332422908395529,0.0013645299477502704,0.9879294633865356,0.0015643914230167866
images/val-9013.jpg,neutral,0.9828318953514099,0.001027472666464746,0.002672976115718484,0.001639767549932003,0.007135607767850161,0.0026556244120001793,0.9828318953514099,0.0020365894306451082
images/val-602.jpg,happy,0.9949927926063538,0.00031602923991158605,0.0002294587902724743,0.0005726805538870394,0.9949927926063538,0.0005115836975164711,0.0018114573322236538,0.0015660300850868225
images/val-7452.jpg,happy,0.9943992495536804,0.0003042933822143823,0.00027684067026712,0.0005904340650886297,0.9943992495536804,0.0004349089285824448,0.0018226697575300932,0.002171579049900174
images/val-1443.jpg,happy,0.9942848086357117,0.0004747702623717487,0.0005509128677658737,0.0005674864514730871,0.9942848086357117,0.0006418544217012823,0.0006124897627159953,0.002867651404812932
images/val-5154.jpg,happy,0.9579973220825195,0.0014062355039641261,0.0007404862553812563,0.0007329699001275003,0.9579973220825195,0.0008199402946047485,0.036051783710718155,0.0022512550931423903
images/val-4136.jpg,happy,0.9880515336990356,0.0008843917748890817,0.000581340107601136,0.0005295920418575406,0.9880515336990356,0.0005317059112712741,0.0009947610087692738,0.008426729589700699
images/val-5297.jpg,happy,0.9918519854545593,0.0003723726549651474,0.0002644368214532733,0.0006295063067227602,0.9918519854545593,0.0004907487891614437,0.005234458949416876,0.0011565276654437184
images/val-1900.jpg,sad,0.7035255432128906,0.01635458506643772,0.031466711312532425,0.7035255432128906,0.0006976792355999351,0.004021374974399805,0.2428344488143921,0.0010996926575899124
images/val-6623.jpg,happy,0.9918884634971619,0.0007287151529453695,0.00039467387250624597,0.000538998341653496,0.9918884634971619,0.0005300620687194169,0.0018397062085568905,0.004079412668943405
images/val-8432.jpg,sad,0.5417017340660095,0.027001921087503433,0.12359840422868729,0.5417017340660095,0.14987678825855255,0.029118793085217476,0.019431568682193756,0.1092708483338356
images/val-19.jpg,neutral,0.8290444016456604,0.05285166576504707,0.07761385291814804,0.03526834771037102,0.000980635522864759,0.00266058836132288,0.8290444016456604,0.0015806149458512664
images/val-8890.jpg,happy,0.7684009671211243,0.03227514773607254,0.0009875682881101966,0.006852292455732822,0.7684009671211243,0.0048533896915614605,0.1772945672273636,0.00933615118265152
images/val-7570.jpg,happy,0.9944419264793396,0.0003603460791055113,0.0003202263615094125,0.0003714430786203593,0.9944419264793396,0.0004820506146643311,0.002179516013711691,0.0018445955356583
images/val-6771.jpg,sad,0.9330600500106812,0.02344183251261711,0.028048977255821228,0.9330600500106812,0.0028434027917683125,0.008620638400316238,0.0016816803254187107,0.002303480403497815
images/val-889.jpg,neutral,0.9861809611320496,0.0038192300125956535,0.004294165875762701,0.0030927504412829876,0.0008104906883090734,0.000994684174656868,0.9861809611320496,0.0008078226819634438
images/val-3074.jpg,happy,0.9953280687332153,0.0005091970670036972,0.00036253334837965667,0.00046368184848688543,0.9953280687332153,0.00037281771074049175,0.0009877820266410708,0.0019759689457714558
images/val-8495.jpg,sad,0.980694055557251,0.0049117617309093475,0.003086784156039357,0.980694055557251,0.002402672078460455,0.0014839633367955685,0.004678716883063316,0.002742100739851594
images/val-5928.jpg,happy,0.9902486205101013,0.0007804663619026542,0.00036720928619615734,0.000587647024076432,0.9902486205101013,0.0004846109077334404,0.0031884508207440376,0.004343044478446245
images/val-8168.jpg,neutral,0.9882689714431763,0.0036871989723294973,0.0010723159648478031,0.0012901329901069403,0.003306768136098981,0.0012520973104983568,0.9882689714431763,0.0011225473135709763
images/val-7243.jpg,happy,0.9953024387359619,0.0002647286164574325,0.0003589396656025201,0.00041684016468934715,0.9953024387359619,0.0005237876903265715,0.001654033432714641,0.001479167491197586
images/val-846.jpg,happy,0.9253036975860596,0.0007895080489106476,0.0006180034833960235,0.0016755786491557956,0.9253036975860596,0.0007189540192484856,0.06925670057535172,0.0016375906998291612
images/val-10577.jpg,neutral,0.8942896127700806,0.0008987649343907833,0.0021467492915689945,0.002753050532191992,0.09381710737943649,0.0023738984018564224,0.8942896127700806,0.0037208618596196175
images/val-4376.jpg,fear,0.4825775623321533,0.15530142188072205,0.4825775623321533,0.2855541706085205,0.0007805973291397095,0.007971791550517082,0.06390107423067093,0.003913413733243942
images/val-8999.jpg,sad,0.6346121430397034,0.286932110786438,0.04884127154946327,0.6346121430397034,0.0023158318363130093,0.0038666294422000647,0.01967427507042885,0.0037577906623482704
images/val-2147.jpg,sad,0.6940919756889343,0.018409384414553642,0.27645403146743774,0.6940919756889343,0.0005220272578299046,0.0005974371451884508,0.00879556592553854,0.0011296137236058712
images/val-4720.jpg,neutral,0.9340335130691528,0.008636449463665485,0.00170607166364789,0.0031526873353868723,0.044865790754556656,0.004993883427232504,0.9340335130691528,0.002611679956316948
images/val-7179.jpg,sad,0.8372177481651306,0.015162931755185127,0.034585025161504745,0.8372177481651306,0.023854337632656097,0.026416422799229622,0.058202922344207764,0.004560581408441067
images/val-7942.jpg,sad,0.5849738717079163,0.005690201185643673,0.017570843920111656,0.5849738717079163,0.057077806442976,0.0064958021976053715,0.3211595416069031,0.007031914312392473
images/val-1990.jpg,happy,0.9949819445610046,0.0003264433180447668,0.0005254074931144714,0.00040272061596624553,0.9949819445610046,0.0006099398015066981,0.0010310906218364835,0.0021225851960480213
images/val-473.jpg,neutral,0.9743530750274658,0.01017973106354475,0.0072792512364685535,0.0056644631549716,0.0009484154870733619,0.000809290271718055,0.9743530750274658,0.0007658048998564482
images/val-3921.jpg,happy,0.995064914226532,0.0002899364335462451,0.0003192879376001656,0.00042838280205614865,0.995064914226532,0.00038219106500037014,0.0020778775215148926,0.0014374653110280633
images/val-2595.jpg,sad,0.9833167195320129,0.0014855391345918179,0.008062703534960747,0.9833167195320129,0.001425810158252716,0.0011990267084911466,0.004032918717712164,0.000477312074508518
images/val-5092.jpg,happy,0.9948805570602417,0.0005116285174153745,0.00031236372888088226,0.000344104046234861,0.9948805570602417,0.0003943478222936392,0.0007602166733704507,0.002796810120344162
images/val-9025.jpg,happy,0.7897782325744629,0.002063117455691099,0.0006364397122524679,0.0010582896647974849,0.7897782325744629,0.0021801430266350508,0.1994185745716095,0.004865099675953388
images/val-225.jpg,neutral,0.9829679131507874,0.0015628677792847157,0.002272427547723055,0.0017938566161319613,0.003952809143811464,0.0015291861491277814,0.9829679131507874,0.005920907482504845
images/val-9049.jpg,happy,0.9871577620506287,0.0003444368776399642,0.0003715291677508503,0.0005014524795114994,0.9871577620506287,0.00042261782800778747,0.009464181959629059,0.0017380645731464028
images/val-6685.jpg,neutral,0.9860278367996216,0.0026121402624994516,0.004127759486436844,0.0029546197038143873,0.0011711965780705214,0.0009051773231476545,0.9860278367996216,0.0022013424895703793
images/val-1528.jpg,sad,0.45778220891952515,0.07902278006076813,0.3886302411556244,0.45778220891952515,0.03589944168925285,0.012888539582490921,0.02063732221722603,0.0051394980400800705
images/val-10749.jpg,happy,0.9936220049858093,0.0010631239274516702,0.00042261905036866665,0.0005217882571741939,0.9936220049858093,0.0007300781435333192,0.0008063403656706214,0.002834083279594779
images/val-1859.jpg,happy,0.8142604231834412,0.0008666017092764378,0.0013362218160182238,0.007182904053479433,0.8142604231834412,0.0016080581117421389,0.17261363565921783,0.002132211811840534
images/val-7561.jpg,happy,0.6209881901741028,0.0010337034473195672,0.0018491613445803523,0.003164655761793256,0.6209881901741028,0.0013305970933288336,0.3681085705757141,0.0035251365043222904
images/val-1925.jpg,happy,0.9920337796211243,0.00029895376064814627,0.0003385968739166856,0.0009450861252844334,0.9920337796211243,0.0006103142513893545,0.003559407079592347,0.002213856903836131
images/val-2523.jpg,sad,0.9721493721008301,0.0018767068395391107,0.002363494597375393,0.9721493721008301,0.001498150872066617,0.0018116893479600549,0.019715558737516403,0.0005849585868418217
images/val-8166.jpg,happy,0.9935625791549683,0.00033499623532406986,0.0003610939020290971,0.0006053277757018805,0.9935625791549683,0.0005139856948517263,0.0033728396520018578,0.0012490865774452686
images/val-4782.jpg,neutral,0.5727707743644714,0.04964468255639076,0.006312395911663771,0.0401679165661335,0.32728323340415955,0.001907867263071239,0.5727707743644714,0.0019131482113152742
images/val-8338.jpg,happy,0.9855217337608337,0.00441439263522625,0.00147953350096941,0.002080537611618638,0.9855217337608337,0.001287098741158843,0.0017253675032407045,0.0034914128482341766
images/val-4480.jpg,neutral,0.9351227283477783,0.002288019983097911,0.001652225968427956,0.001922466210089624,0.05659830570220947,0.0009933735709637403,0.9351227283477783,0.0014229255029931664
images/val-6808.jpg,neutral,0.9738380908966064,0.001149375457316637,0.005229313392192125,0.00785269495099783,0.004657688084989786,0.0007240148261189461,0.9738380908966064,0.006548824720084667
images/val-7906.jpg,happy,0.9938516616821289,0.0007235662778839469,0.0005749253905378282,0.00031378070707432926,0.9938516616821289,0.0009377422975376248,0.000845540314912796,0.002752763219177723
images/val-7737.jpg,sad,0.9607083201408386,0.006898511666804552,0.02610294334590435,0.9607083201408386,0.0018717991188168526,0.0010739834979176521,0.0025539749767631292,0.0007904337253421545
images/val-3994.jpg,neutral,0.6715579032897949,0.013912428170442581,0.0989009290933609,0.2109149694442749,0.0013567543355748057,0.001986876828595996,0.6715579032897949,0.0013700909912586212
images/val-7484.jpg,happy,0.98915034532547,0.000313158001517877,0.00032654395909048617,0.0005076470552012324,0.98915034532547,0.0007908694096840918,0.007599161937832832,0.0013123314129188657
images/val-9032.jpg,neutral,0.8291423320770264,0.10767131298780441,0.028261661529541016,0.03122105449438095,0.0010666270973160863,0.0009020322468131781,0.8291423320770264,0.001735009136609733
images/val-2370.jpg,happy,0.7739939093589783,0.0012132369447499514,0.0015618822071701288,0.005379493813961744,0.7739939093589783,0.0038141647819429636,0.20503567159175873,0.009001664817333221
images/val-6285.jpg,angry,0.806108295917511,0.806108295917511,0.007928194478154182,0.01561021152883768,0.07112792134284973,0.015413196757435799,0.07970554381608963,0.004106622189283371
images/val-3123.jpg,sad,0.9277624487876892,0.007006424944847822,0.0024341719690710306,0.9277624487876892,0.0020400204230099916,0.0026095802895724773,0.057134538888931274,0.0010128667345270514
images/val-9821.jpg,happy,0.9928557872772217,0.0006186275277286768,0.0003599446499720216,0.00036500379792414606,0.9928557872772217,0.0006656309706158936,0.003198952879756689,0.0019359249854460359
images/val-8328.jpg,fear,0.5753629803657532,0.04405816271901131,0.5753629803657532,0.3665075898170471,0.0011359546333551407,0.0037296924274414778,0.002776412758976221,0.006429217290133238
images/val-2237.jpg,happy,0.8478130102157593,0.009441140107810497,0.0009096534340642393,0.0029290104284882545,0.8478130102157593,0.013500322587788105,0.11576772481203079,0.009639081545174122
images/val-1144.jpg,sad,0.978615403175354,0.002544151386246085,0.002996958326548338,0.978615403175354,0.0013755926629528403,0.002207089914008975,0.011826546862721443,0.0004342127940617502
images/val-10315.jpg,happy,0.9120287895202637,0.0017522475682199001,0.0030660659540444613,0.06961797177791595,0.9120287895202637,0.001992873614653945,0.005391862243413925,0.006150214001536369
images/val-6799.jpg,happy,0.9936690926551819,0.0015587960369884968,0.0003256595809943974,0.0003587580577004701,0.9936690926551819,0.0005928655155003071,0.001096444670110941,0.0023983155842870474
images/val-5569.jpg,surprise,0.4587600827217102,0.198788121342659,0.2853548526763916,0.03150227665901184,0.006096525117754936,0.012301855720579624,0.007196363527327776,0.4587600827217102
images/val-8319.jpg,angry,0.47748270630836487,0.47748270630836487,0.13584576547145844,0.004620793741196394,0.22850295901298523,0.03472275659441948,0.05736708268523216,0.06145790219306946
images/val-4378.jpg,happy,0.9909761548042297,0.0003280799719505012,0.000507865974213928,0.0006498697330243886,0.9909761548042297,0.00039687950629740953,0.0053486148826777935,0.0017925356514751911
images/val-43.jpg,neutral,0.9760591983795166,0.0011183813912793994,0.0017388331471011043,0.003996451385319233,0.015122026205062866,0.0011378821218386292,0.9760591983795166,0.0008271958795376122
images/val-4635.jpg,neutral,0.7107163667678833,0.05897291749715805,0.019031962379813194,0.20323966443538666,0.0018221362261101604,0.005462172441184521,0.7107163667678833,0.0007548120920546353
images/val-4892.jpg,sad,0.963018000125885,0.007432302925735712,0.004474705550819635,0.963018000125885,0.0010860024485737085,0.001478445017710328,0.022184060886502266,0.00032644844031892717
images/val-9617.jpg,fear,0.9209833145141602,0.04635761305689812,0.9209833145141602,0.016591325402259827,0.0008024448179639876,0.0008766574319452047,0.013721451163291931,0.0006672330782748759
images/val-9502.jpg,happy,0.9951737523078918,0.00038995579234324396,0.0003198477206751704,0.0003797539393417537,0.9951737523078918,0.00047074019676074386,0.0011066262377426028,0.0021593612618744373
images/val-8023.jpg,neutral,0.9816604852676392,0.0017228972865268588,0.006187352817505598,0.003938795067369938,0.0018719538347795606,0.0012873783707618713,0.9816604852676392,0.0033311517909169197
images/val-2435.jpg,happy,0.9873486757278442,0.0013083574594929814,0.0016086596297100186,0.0033055779058486223,0.9873486757278442,0.0005705728544853628,0.0032551120966672897,0.002602946013212204
images/val-7317.jpg,happy,0.6510177254676819,0.0020658629946410656,0.0020655563566833735,0.0037905792705714703,0.6510177254676819,0.0008883653208613396,0.33762645721435547,0.0025454522110521793
images/val-8825.jpg,happy,0.9952966570854187,0.0003482546890154481,0.00033781331148929894,0.0004081871302332729,0.9952966570854187,0.0004528052522800863,0.0013795491540804505,0.0017767141107469797
images/val-7936.jpg,happy,0.9927934408187866,0.00021297228522598743,0.0004067049303557724,0.0004554993938654661,0.9927934408187866,0.0006045189220458269,0.0030436834786087275,0.0024831020273268223
images/val-5655.jpg,neutral,0.9449554681777954,0.012898769229650497,0.0019524008966982365,0.0017919171368703246,0.031174512580037117,0.0030824211426079273,0.9449554681777954,0.004144573118537664
images/val-5447.jpg,sad,0.9775652885437012,0.002042493550106883,0.005870794411748648,0.9775652885437012,0.005900506861507893,0.004689266439527273,0.002291711512953043,0.0016400304157286882
images/val-9043.jpg,happy,0.982006311416626,0.0009864425519481301,0.0009626056998968124,0.0003565804217942059,0.982006311416626,0.0009083666373044252,0.0005901631084270775,0.014189575798809528
images/val-8904.jpg,fear,0.33860328793525696,0.021262027323246002,0.33860328793525696,0.0039926753379404545,0.33579012751579285,0.004236857872456312,0.09578776359558105,0.20032718777656555
images/val-6181.jpg,happy,0.807660698890686,0.0009201471111737192,0.0007949467981234193,0.002103387378156185,0.807660698890686,0.0015941440360620618,0.1843726634979248,0.002553996630012989
images/val-7461.jpg,happy,0.8213878870010376,0.0012666305992752314,0.0008759881602600217,0.0008683624910190701,0.8213878870010376,0.001683649024926126,0.1617879867553711,0.012129437178373337
images/val-5273.jpg,happy,0.850890576839447,0.002767220139503479,0.0009712620521895587,0.002238499466329813,0.850890576839447,0.001366252894513309,0.14013172686100006,0.0016342910239472985
images/val-3091.jpg,sad,0.8409509062767029,0.10236847400665283,0.013864499516785145,0.8409509062767029,0.004389911890029907,0.015080646611750126,0.005711200647056103,0.01763439178466797
images/val-3913.jpg,sad,0.9321749806404114,0.005151902325451374,0.009626908227801323,0.9321749806404114,0.002798701636493206,0.0011837300844490528,0.04784731566905975,0.0012164503568783402
images/val-9369.jpg,happy,0.9944572448730469,0.00038264857721515,0.00041441130451858044,0.00038262849557213485,0.9944572448730469,0.00032237288542091846,0.0016567254206165671,0.002383935498073697
images/val-6275.jpg,happy,0.9937254786491394,0.00029924456612206995,0.00032921458478085697,0.0004160233947914094,0.9937254786491394,0.0005610223743133247,0.002522313268855214,0.0021467055194079876
images/val-3827.jpg,angry,0.8382113575935364,0.8382113575935364,0.016168639063835144,0.1266612559556961,0.001464459695853293,0.009769347496330738,0.005983557086437941,0.001741390791721642
images/val-6731.jpg,happy,0.9919188618659973,0.00021959362493362278,0.00029907055431976914,0.0005359045462682843,0.9919188618659973,0.0005640580202452838,0.0036418114323168993,0.0028205818962305784
images/val-716.jpg,fear,0.6796494126319885,0.050731152296066284,0.6796494126319885,0.12265320122241974,0.0071744900196790695,0.002320141764357686,0.037168148905038834,0.10030339658260345
images/val-5214.jpg,sad,0.713508129119873,0.008595128543674946,0.2501078248023987,0.713508129119873,0.003109642304480076,0.0030510248616337776,0.02051623724400997,0.001112045138143003
images/val-10720.jpg,sad,0.9797603487968445,0.00521797314286232,0.00584050640463829,0.9797603487968445,0.00144700868986547,0.00544396135956049,0.001551220309920609,0.0007389819365926087
images/val-6247.jpg,happy,0.7479661107063293,0.0023021295201033354,0.0009600864141248167,0.0016514884773641825,0.7479661107063293,0.004035866819322109,0.23235546052455902,0.010728832334280014
images/val-6326.jpg,happy,0.9780444502830505,0.0004176769289188087,0.0004264680319465697,0.0005322382785379887,0.9780444502830505,0.0006566376541741192,0.018062883988022804,0.0018596173031255603
images/val-2493.jpg,sad,0.9880480766296387,0.0030406892765313387,0.0017409790307283401,0.9880480766296387,0.0011929909233003855,0.0016635264037176967,0.0037545606028288603,0.0005592501838691533
images/val-8116.jpg,happy,0.9948835968971252,0.00036343737156130373,0.000495165353640914,0.000519655121024698,0.9948835968971252,0.0005662788753397763,0.0009052216773852706,0.0022664940916001797
images/val-607.jpg,surprise,0.6592910289764404,0.016040928661823273,0.015048851259052753,0.0015465321484953165,0.27617767453193665,0.008828145451843739,0.023066826164722443,0.6592910289764404
images/val-10131.jpg,sad,0.6183385252952576,0.25601091980934143,0.02404860220849514,0.6183385252952576,0.005832260474562645,0.04047199338674545,0.05457083880901337,0.0007268572226166725
images/val-8230.jpg,happy,0.9897205233573914,0.0011118497932329774,0.0006230981089174747,0.0012216935865581036,0.9897205233573914,0.0008221696480177343,0.0013749963836744428,0.005125653930008411
images/val-9670.jpg,neutral,0.9373400807380676,0.004176616668701172,0.04995424672961235,0.004117515403777361,0.00133698305580765,0.0009583068313077092,0.9373400807380676,0.00211618235334754
images/val-5440.jpg,happy,0.9924742579460144,0.00032835951424203813,0.000321687082760036,0.00039063533768057823,0.9924742579460144,0.00037809807690791786,0.0029343327041715384,0.003172572236508131
images/val-1645.jpg,happy,0.9908159971237183,0.0005594209069386125,0.0006027682684361935,0.0002473971981089562,0.9908159971237183,0.0007677401881664991,0.0019381083548069,0.005068528465926647
images/val-7214.jpg,angry,0.8388224840164185,0.8388224840164185,0.041299376636743546,0.03082023747265339,0.062531016767025,0.00787950400263071,0.0127174761146307,0.0059298076666891575
images/val-1634.jpg,neutral,0.8586434125900269,0.006508835591375828,0.009710464626550674,0.09026305377483368,0.016966257244348526,0.0032296401914209127,0.8586434125900269,0.01467836182564497
images/val-8618.jpg,happy,0.8458209037780762,0.006856757216155529,0.0032473134342581034,0.03537232428789139,0.8458209037780762,0.0017248286167159677,0.10599696636199951,0.0009809050243347883
images/val-7487.jpg,sad,0.9700464010238647,0.0017198547720909119,0.009317552670836449,0.9700464010238647,0.010538172908127308,0.0019396264106035233,0.001786916982382536,0.004651479888707399
images/val-252.jpg,happy,0.9918531775474548,0.0007870079716667533,0.0005886782892048359,0.0004234067746438086,0.9918531775474548,0.0006259665242396295,0.0007450737175531685,0.00497676944360137
images/val-2362.jpg,happy,0.9893275499343872,0.002823221730068326,0.0007304421160370111,0.0010346632916480303,0.9893275499343872,0.001007351907901466,0.002668339991942048,0.0024084753822535276
images/val-6718.jpg,neutral,0.6495717167854309,0.0013280739076435566,0.0042411149479448795,0.0025465236976742744,0.33113959431648254,0.0036267705727368593,0.6495717167854309,0.007546198554337025
images/val-2530.jpg,fear,0.49957215785980225,0.021030951291322708,0.49957215785980225,0.16523750126361847,0.0005653254338540137,0.001935192965902388,0.30824658274650574,0.003412214107811451
images/val-1226.jpg,neutral,0.9729545712471008,0.0014516804367303848,0.0012843544827774167,0.0054488168098032475,0.016607511788606644,0.0011632669484242797,0.9729545712471008,0.001089851139113307
images/val-7693.jpg,neutral,0.9816955327987671,0.0037764967419207096,0.005412837956100702,0.005552877672016621,0.0011879800586029887,0.0016235903603956103,0.9816955327987671,0.0007506951224058867
images/val-10765.jpg,happy,0.994256317615509,0.00026858155615627766,0.0002773507439997047,0.0005184788024052978,0.994256317615509,0.0004915955360047519,0.0029659434221684933,0.0012217798503115773
images/val-5547.jpg,sad,0.9370765686035156,0.006359046790748835,0.004194195847958326,0.9370765686035156,0.0023178127594292164,0.0008018309017643332,0.04892294481396675,0.0003276384377386421
images/val-6513.jpg,happy,0.9934335947036743,0.00027257707552053034,0.00037769877235405147,0.0005075152148492634,0.9934335947036743,0.00045717335888184607,0.001268212916329503,0.003683348884806037
images/val-1316.jpg,sad,0.9634600877761841,0.007835866883397102,0.003437865525484085,0.9634600877761841,0.005650630220770836,0.0019463214557617903,0.016974175348877907,0.0006950635579414666
images/val-5384.jpg,neutral,0.9801842570304871,0.0015077920397743583,0.005117217544466257,0.0045847585424780846,0.007382473908364773,0.00045676901936531067,0.9801842570304871,0.0007667832542210817
images/val-8743.jpg,neutral,0.9400978684425354,0.014394529163837433,0.003839765442535281,0.005526222754269838,0.01756172813475132,0.015141607262194157,0.9400978684425354,0.0034382182639092207
images/val-6227.jpg,neutral,0.9404054880142212,0.0025560639332979918,0.0020303549244999886,0.0018209131667390466,0.05069931969046593,0.0005742306238971651,0.9404054880142212,0.001913631334900856
images/val-5189.jpg,neutral,0.9775075316429138,0.005476423539221287,0.0033769786823540926,0.009961826726794243,0.002807630691677332,0.00018861489661503583,0.9775075316429138,0.0006809629849158227
images/val-7995.jpg,sad,0.6395581960678101,0.12654727697372437,0.16292493045330048,0.6395581960678101,0.054812684655189514,0.0020771604031324387,0.011702192015945911,0.0023776190355420113
images/val-8865.jpg,fear,0.8645913600921631,0.0016641380498185754,0.8645913600921631,0.11439433693885803,0.006636968348175287,0.001811075839214027,0.006644479464739561,0.0042577339336276054
images/val-589.jpg,fear,0.7634931802749634,0.006591131445020437,0.7634931802749634,0.03941970691084862,0.0031134821474552155,0.0009584439103491604,0.17945173382759094,0.0069723729975521564
images/val-1122.jpg,neutral,0.9752448797225952,0.002682360587641597,0.006177281029522419,0.002526239026337862,0.01064207311719656,0.0006618948536925018,0.9752448797225952,0.002065174048766494
images/val-3847.jpg,sad,0.9598384499549866,0.008178221061825752,0.012410142458975315,0.9598384499549866,0.008757156319916248,0.002091446425765753,0.005612247623503208,0.003112353617325425
images/val-4709.jpg,neutral,0.8042280077934265,0.00398294860497117,0.09634438157081604,0.07705729454755783,0.0029360244516283274,0.004943507257848978,0.8042280077934265,0.010507887229323387
images/val-10143.jpg,neutral,0.5522803068161011,0.02326219528913498,0.05180066451430321,0.2114439308643341,0.15219372510910034,0.004790119361132383,0.5522803068161011,0.004229079931974411
images/val-1481.jpg,fear,0.8896602988243103,0.01923539489507675,0.8896602988243103,0.018743541091680527,0.003310487372800708,0.0013669859617948532,0.05003013834357262,0.017653096467256546
images/val-7111.jpg,happy,0.994508683681488,0.00029168996843509376,0.0005546682514250278,0.0004856872255913913,0.994508683681488,0.00048501702258363366,0.002201070310547948,0.0014731851406395435
images/val-10709.jpg,happy,0.9949241876602173,0.0003092245606239885,0.0002755261957645416,0.0003590203996282071,0.9949241876602173,0.0005001769168302417,0.001899269875138998,0.001732603064738214
images/val-1647.jpg,angry,0.9522963166236877,0.9522963166236877,0.003965137992054224,0.0024667326360940933,0.030917499214410782,0.003607595805078745,0.002213366562500596,0.004533251281827688
images/val-7270.jpg,neutral,0.9452618360519409,0.004833471029996872,0.013854593969881535,0.020955674350261688,0.011800428852438927,0.0020006964914500713,0.9452618360519409,0.0012932259123772383
images/val-2726.jpg,happy,0.9909188747406006,0.0005374997272156179,0.00030737847555428743,0.000403707439545542,0.9909188747406006,0.0004888499970547855,0.004461425356566906,0.0028821995947510004
images/val-4907.jpg,neutral,0.5000892281532288,0.024747641757130623,0.00554592115804553,0.005736187100410461,0.45816823840141296,0.0022583939135074615,0.5000892281532288,0.0034543804358690977
images/val-475.jpg,sad,0.972934365272522,0.004342588130384684,0.00950490590184927,0.972934365272522,0.000695332302711904,0.0012231396976858377,0.010771937668323517,0.0005277282907627523
images/val-754.jpg,happy,0.9907128214836121,0.0002612177631817758,0.00034656436764635146,0.0006299397791735828,0.9907128214836121,0.0005506311426870525,0.005654342472553253,0.0018444079905748367
images/val-5315.jpg,neutral,0.9663201570510864,0.004474226851016283,0.00508146733045578,0.021119842305779457,0.0008659262675791979,0.001212059985846281,0.9663201570510864,0.0009262602543458343
images/val-920.jpg,neutral,0.9870651960372925,0.0029426980763673782,0.0010748750064522028,0.0034098071046173573,0.0029062351677566767,0.0019875678699463606,0.9870651960372925,0.0006135768489912152
images/val-4807.jpg,sad,0.9893245100975037,0.0021679250057786703,0.003524194238707423,0.9893245100975037,0.0014447319554165006,0.0010979506187140942,0.0017717642476782203,0.0006689030560664833
images/val-5874.jpg,sad,0.9768358469009399,0.0026544060092419386,0.015918031334877014,0.9768358469009399,0.0010130126029253006,0.00044072975288145244,0.0025710202753543854,0.0005669935490004718
images/val-6142.jpg,sad,0.6343182325363159,0.21462994813919067,0.09613437205553055,0.6343182325363159,0.0022110994905233383,0.028225276619195938,0.019433170557022095,0.005047949496656656
images/val-7057.jpg,happy,0.9941418766975403,0.001393290818668902,0.00042052881326526403,0.00042328095878474414,0.9941418766975403,0.0006913040997460485,0.0008310335106216371,0.0020987153984606266
images/val-2386.jpg,happy,0.9892706871032715,0.0004290897340979427,0.00177080649882555,0.0011430379236117005,0.9892706871032715,0.00039155338890850544,0.0037288530729711056,0.003266101935878396
images/val-4001.jpg,neutral,0.9703163504600525,0.002410799963399768,0.01600150391459465,0.004176917485892773,0.0014405411202460527,0.0016741795698180795,0.9703163504600525,0.003979745786637068
images/val-10388.jpg,neutral,0.9902984499931335,0.0018723009852692485,0.0012793542118743062,0.0014212620444595814,0.003457929939031601,0.0007453313446603715,0.9902984499931335,0.0009254706674255431
images/val-6752.jpg,neutral,0.9836717247962952,0.0021508214995265007,0.0014494318747892976,0.0018482282757759094,0.009160224348306656,0.001003503450192511,0.9836717247962952,0.0007161340327002108
images/val-10246.jpg,happy,0.6756972074508667,0.0023718669544905424,0.0036097238771617413,0.005788940936326981,0.6756972074508667,0.0011164394672960043,0.30983465909957886,0.0015811608172953129
images/val-2951.jpg,sad,0.97463458776474,0.0015713716857135296,0.007961926981806755,0.97463458776474,0.0013956389157101512,0.0005645480123348534,0.013031805865466595,0.0008400949882343411
images/val-2786.jpg,happy,0.994988203048706,0.00025444329367019236,0.0003646361001301557,0.0004879893676843494,0.994988203048706,0.0005050774780102074,0.0016711915377527475,0.0017284456407651305
images/val-2869.jpg,happy,0.9952706694602966,0.0003030606603715569,0.0003435304679442197,0.00038809876423329115,0.9952706694602966,0.0004625781730283052,0.0009709290461614728,0.0022611310705542564
images/val-1294.jpg,happy,0.9904145002365112,0.0020136397797614336,0.0008764955564402044,0.0010953973978757858,0.9904145002365112,0.0009330433676950634,0.0008158072014339268,0.0038510235026478767
images/val-10518.jpg,sad,0.8031414151191711,0.026003601029515266,0.149815171957016,0.8031414151191711,0.00674776965752244,0.004574915394186974,0.007098172325640917,0.002618878148496151
images/val-3946.jpg,neutral,0.591215968132019,0.003800388425588608,0.004812578670680523,0.3933969736099243,0.0039283279329538345,0.002066252985969186,0.591215968132019,0.000779475609306246
images/val-8154.jpg,sad,0.963620662689209,0.009869112633168697,0.012815380468964577,0.963620662689209,0.006834716070443392,0.0015645119128748775,0.0043168445117771626,0.0009787383023649454
images/val-9555.jpg,happy,0.8431825041770935,0.002442726632580161,0.009364334866404533,0.012813903391361237,0.8431825041770935,0.0011204711627215147,0.1201944425702095,0.010881606489419937
images/val-2345.jpg,happy,0.9719569087028503,0.014313077554106712,0.0005804284010082483,0.001485691755078733,0.9719569087028503,0.00254600471816957,0.004102784208953381,0.005015183240175247
images/val-3805.jpg,happy,0.9891920685768127,0.0019966845866292715,0.0009857973782345653,0.0011540516279637814,0.9891920685768127,0.001211022725328803,0.002645261585712433,0.0028149846475571394
images/val-7556.jpg,happy,0.9946334362030029,0.0003057241556234658,0.0003111086552962661,0.00043742984416894615,0.9946334362030029,0.0004171650798525661,0.0013412408297881484,0.0025539048947393894
images/val-4162.jpg,happy,0.995186984539032,0.00048478919779881835,0.000477638648590073,0.0004122703103348613,0.995186984539032,0.0006437259144149721,0.0006948172813281417,0.0020996849052608013
images/val-7530.jpg,happy,0.7600971460342407,0.023671582341194153,0.026009168475866318,0.16699865460395813,0.7600971460342407,0.0034350852947682142,0.012108665890991688,0.007679597474634647
images/val-4184.jpg,neutral,0.9507251381874084,0.0038072927854955196,0.0016787168569862843,0.0012631646823137999,0.038236621767282486,0.0013779911678284407,0.9507251381874084,0.0029111348558217287
images/val-154.jpg,neutral,0.5153104662895203,0.2251623272895813,0.036371052265167236,0.03336862474679947,0.014413046650588512,0.17303712666034698,0.5153104662895203,0.002337426645681262
images/val-7623.jpg,neutral,0.5116334557533264,0.04645239934325218,0.0274380873888731,0.07078120857477188,0.25539687275886536,0.048383817076683044,0.5116334557533264,0.03991413116455078
images/val-4713.jpg,surprise,0.9933127760887146,0.000642932893242687,0.0013931409921497107,0.0005330228013917804,0.0017879781080409884,0.001818309654481709,0.00051179772708565,0.9933127760887146
images/val-8956.jpg,neutral,0.8912091851234436,0.04853232949972153,0.038993872702121735,0.011808414943516254,0.0050267744809389114,0.003071784507483244,0.8912091851234436,0.0013576309429481626
images/val-2589.jpg,happy,0.992850661277771,0.00024360694806091487,0.00028941655182279646,0.0003756617661565542,0.992850661277771,0.0006170886917971075,0.00341178965754807,0.002211845712736249
images/val-1211.jpg,happy,0.9791269898414612,0.0010089704301208258,0.0014339357148855925,0.003097357228398323,0.9791269898414612,0.0007599472301080823,0.007685691583901644,0.0068871499970555305
images/val-7238.jpg,happy,0.9949329495429993,0.0007543096435256302,0.0005220961174927652,0.0009294215706177056,0.9949329495429993,0.00037801568396389484,0.0015343085397034883,0.0009489161893725395
images/val-5662.jpg,happy,0.9942057728767395,0.0002084541629301384,0.00044386289664544165,0.0004444221849553287,0.9942057728767395,0.000570235657505691,0.0013809746596962214,0.0027463200967758894
images/val-9627.jpg,fear,0.9403727054595947,0.03846702352166176,0.9403727054595947,0.002511578146368265,0.0034189806319773197,0.001639825408346951,0.0013284810120239854,0.012261269614100456
images/val-4902.jpg,sad,0.3689420223236084,0.06778328120708466,0.006152086425572634,0.3689420223236084,0.3620527386665344,0.006592242047190666,0.1862984150648117,0.002179206581786275
images/val-6952.jpg,neutral,0.8575435280799866,0.0014887850265949965,0.004803533665835857,0.02558937668800354,0.10330080986022949,0.003603439312428236,0.8575435280799866,0.003670531790703535
images/val-4098.jpg,happy,0.9903299808502197,0.0007637346861883998,0.0007935992907732725,0.0023148718755692244,0.9903299808502197,0.000767430174164474,0.0028208845760673285,0.002209501340985298
images/val-7485.jpg,sad,0.49357476830482483,0.0024838291574269533,0.055706340819597244,0.49357476830482483,0.08973738551139832,0.013266999274492264,0.3234884738922119,0.021742157638072968
images/val-4950.jpg,happy,0.9941998720169067,0.00025364983594045043,0.00035917822970077395,0.0006078844889998436,0.9941998720169067,0.0004054803284816444,0.0030182390473783016,0.0011556601384654641
images/val-3264.jpg,happy,0.9924014806747437,0.0005625050980597734,0.00035605987068265676,0.0003905703779309988,0.9924014806747437,0.0006122777122072875,0.0028856999706476927,0.002791494829580188
images/val-6303.jpg,happy,0.9938589930534363,0.00038216676330193877,0.000419687683461234,0.0004980541416443884,0.9938589930534363,0.0005215019336901605,0.0008993755909614265,0.003420148743316531
images/val-7917.jpg,neutral,0.9792120456695557,0.0031197338830679655,0.0027377440128475428,0.002463199198246002,0.008843030780553818,0.001249790657311678,0.9792120456695557,0.0023745184298604727
images/val-1748.jpg,happy,0.9939233660697937,0.000286855356534943,0.00031824110192246735,0.00044863723451271653,0.9939233660697937,0.0004455438756849617,0.0025940118357539177,0.0019834418781101704
images/val-3887.jpg,happy,0.9913883805274963,0.0004605473077390343,0.00044989591697230935,0.000325545173836872,0.9913883805274963,0.0005507526220753789,0.0017182540614157915,0.005106550175696611
images/val-6249.jpg,sad,0.9476067423820496,0.0030976473353803158,0.012720499187707901,0.9476067423820496,0.02441982738673687,0.0024592233821749687,0.008734474889934063,0.0009616388706490397
images/val-9371.jpg,sad,0.6661558747291565,0.14871831238269806,0.13485223054885864,0.6661558747291565,0.0073865666054189205,0.00881578866392374,0.02997761219739914,0.004093581810593605
images/val-10913.jpg,neutral,0.9506626129150391,0.007324716541916132,0.00907347071915865,0.03015739656984806,0.0009376941598020494,0.0007850618567317724,0.9506626129150391,0.0010590882739052176
images/val-9418.jpg,happy,0.9872995018959045,0.0006715431227348745,0.0003558729076758027,0.0007151243044063449,0.9872995018959045,0.000540652428753674,0.00840118620544672,0.0020160749554634094
images/val-4848.jpg,happy,0.9936645030975342,0.0002508085744921118,0.0004419237084221095,0.0007319208816625178,0.9936645030975342,0.0006441558361984789,0.0030553224496543407,0.0012114514829590917
images/val-4838.jpg,neutral,0.8944967985153198,0.008716368116438389,0.0789453536272049,0.014586684294044971,0.0011060887482017279,0.0005617926362901926,0.8944967985153198,0.0015869507333263755
images/val-360.jpg,happy,0.9800105690956116,0.0013682490680366755,0.0017418968491256237,0.00287137390114367,0.9800105690956116,0.0006116158328950405,0.010758296586573124,0.002638019621372223
images/val-10621.jpg,happy,0.47387537360191345,0.031138025224208832,0.06674081832170486,0.38495853543281555,0.47387537360191345,0.012398323975503445,0.019017010927200317,0.011871900409460068
images/val-4498.jpg,sad,0.5625706315040588,0.0634850561618805,0.2297695130109787,0.5625706315040588,0.0025806098710745573,0.0016326255863532424,0.13860328495502472,0.0013582294341176748
images/val-133.jpg,happy,0.9945653676986694,0.000251603516517207,0.0004304786561988294,0.0005453594494611025,0.9945653676986694,0.0006173894507810473,0.001371858292259276,0.0022179342340677977
images/val-9853.jpg,happy,0.9939160943031311,0.0006989641697145998,0.000489741622004658,0.00080806267214939,0.9939160943031311,0.000838198815472424,0.0013770766090601683,0.001871920539997518
images/val-804.jpg,sad,0.8918492197990417,0.00938088446855545,0.007366205099970102,0.8918492197990417,0.001498959376476705,0.000998190836980939,0.08819162100553513,0.0007149474695324898
images/val-8139.jpg,neutral,0.9730719327926636,0.010264258831739426,0.0039574201218783855,0.008424942381680012,0.0020417829509824514,0.001485319808125496,0.9730719327926636,0.0007543108076788485
images/val-4690.jpg,sad,0.7200407981872559,0.07963439077138901,0.07261417806148529,0.7200407981872559,0.1041325181722641,0.0015092096291482449,0.020417308434844017,0.0016515451716259122
images/val-10743.jpg,sad,0.9759471416473389,0.004756853450089693,0.006561418529599905,0.9759471416473389,0.0032487292774021626,0.0010728983907029033,0.007574434857815504,0.0008385941619053483
images/val-5773.jpg,neutral,0.9846397638320923,0.0017879590159282088,0.0020523229613900185,0.002737021306529641,0.007218807935714722,0.0008674990385770798,0.9846397638320923,0.0006966293440200388
images/val-3589.jpg,sad,0.8393206000328064,0.0036044768057763577,0.011558136902749538,0.8393206000328064,0.009568937122821808,0.0030545624904334545,0.1313084065914154,0.0015848290640860796
images/val-3116.jpg,sad,0.5288717150688171,0.3118758201599121,0.0422440767288208,0.5288717150688171,0.010892858728766441,0.002723619807511568,0.09979356825351715,0.0035983440466225147
images/val-4107.jpg,happy,0.9572370648384094,0.0005380051443353295,0.001034379005432129,0.0022945210803300142,0.9572370648384094,0.00040969144902192056,0.036924488842487335,0.0015618574107065797
images/val-2241.jpg,happy,0.9792144298553467,0.0010214658686891198,0.0011757694883272052,0.0015242566587403417,0.9792144298553467,0.0005810551228933036,0.015483725816011429,0.0009992149425670505
images/val-1592.jpg,happy,0.9954043626785278,0.0003424279566388577,0.0002658601733855903,0.0003986723895650357,0.9954043626785278,0.00040889409137889743,0.001309478422626853,0.001870370702818036
images/val-646.jpg,happy,0.9907304644584656,0.000486013334011659,0.0003774654178414494,0.0006877736304886639,0.9907304644584656,0.00031875993590801954,0.006288088392466307,0.0011115219676867127
images/val-5062.jpg,happy,0.9851576089859009,0.00037157582119107246,0.0008721459307707846,0.0010495330207049847,0.9851576089859009,0.0005021232645958662,0.011014999821782112,0.0010319168213754892
images/val-7223.jpg,happy,0.6090782284736633,0.08398057520389557,0.008368657901883125,0.08991391956806183,0.6090782284736633,0.005154069978743792,0.19945186376571655,0.004052648786455393
images/val-547.jpg,fear,0.5847557783126831,0.2386242300271988,0.5847557783126831,0.040259264409542084,0.0018653093138709664,0.0011045628925785422,0.1297040730714798,0.003686735173687339
images/val-9496.jpg,neutral,0.8419307470321655,0.023515252396464348,0.02346326969563961,0.10164856910705566,0.004457027651369572,0.004155830945819616,0.8419307470321655,0.000829352589789778
images/val-10884.jpg,happy,0.9895433187484741,0.00034005302586592734,0.00046597744221799076,0.002559568965807557,0.9895433187484741,0.0007916553295217454,0.0052154636941850185,0.0010839959140866995
images/val-2154.jpg,neutral,0.98686683177948,0.002105201128870249,0.005055222660303116,0.0018796641379594803,0.0014829302672296762,0.000614109099842608,0.98686683177948,0.0019959378987550735
images/val-1477.jpg,happy,0.9944151639938354,0.0005396130727604032,0.0002971868379972875,0.0003030940133612603,0.9944151639938354,0.0006721779936924577,0.002362435217946768,0.0014103562571108341
images/val-4836.jpg,neutral,0.5245453715324402,0.02358166314661503,0.002791434759274125,0.013543657958507538,0.42471930384635925,0.006751553155481815,0.5245453715324402,0.004067015368491411
images/val-5353.jpg,happy,0.9947788715362549,0.0002957831311505288,0.000289687275653705,0.00043387190089561045,0.9947788715362549,0.0006132802227512002,0.0012250688159838319,0.002363259671255946
images/val-9951.jpg,angry,0.7680738568305969,0.7680738568305969,0.10692298412322998,0.07335077226161957,0.014490319415926933,0.021795867010951042,0.01309407688677311,0.002272070152685046
images/val-2878.jpg,neutral,0.9165148138999939,0.001815044553950429,0.000973910151515156,0.001414771773852408,0.0633891150355339,0.004169610794633627,0.9165148138999939,0.011722776107490063
images/val-3290.jpg,angry,0.9820142388343811,0.9820142388343811,0.0010026080999523401,0.0029000418726354837,0.004495673347264528,0.006769687402993441,0.0015818041283637285,0.0012359446845948696
images/val-2166.jpg,fear,0.734654426574707,0.2295299768447876,0.734654426574707,0.02464219741523266,0.0021690779831260443,0.0028664367273449898,0.0033821037504822016,0.0027558840811252594
images/val-10288.jpg,neutral,0.6767244935035706,0.14763417840003967,0.1051868423819542,0.058241646736860275,0.006989962421357632,0.004083921667188406,0.6767244935035706,0.0011389240389689803
images/val-5995.jpg,sad,0.9676668643951416,0.004803784657269716,0.001710585318505764,0.9676668643951416,0.0012140728067606688,0.0031811026856303215,0.020823143422603607,0.000600457307882607
images/val-8698.jpg,happy,0.993552565574646,0.00027143428451381624,0.0002640863531269133,0.0006178690236993134,0.993552565574646,0.00043412891682237387,0.003017899813130498,0.0018420459236949682
images/val-8222.jpg,happy,0.9948337078094482,0.00034769161720760167,0.0003530866524670273,0.0004272603546269238,0.9948337078094482,0.000557375664357096,0.0009605917730368674,0.002520232927054167
images/val-4466.jpg,angry,0.690053403377533,0.690053403377533,0.18250107765197754,0.10265406221151352,0.0014498846139758825,0.010368119925260544,0.009831341914832592,0.003142134053632617
images/val-2696.jpg,sad,0.7484561204910278,0.01845465786755085,0.22105883061885834,0.7484561204910278,0.0009246885310858488,0.0005600021104328334,0.0073105404153466225,0.0032351575791835785
images/val-4211.jpg,neutral,0.9516860246658325,0.03323079273104668,0.0025652230251580477,0.002802881645038724,0.004957119002938271,0.0030716462060809135,0.9516860246658325,0.0016862796619534492
images/val-7895.jpg,neutral,0.9903421401977539,0.0014527669409289956,0.001522565959021449,0.0017845080001279712,0.0027291334699839354,0.0008094256627373397,0.9903421401977539,0.0013594081392511725
images/val-9790.jpg,sad,0.7000484466552734,0.140262171626091,0.01827925816178322,0.7000484466552734,0.10019198060035706,0.01170743815600872,0.027137210592627525,0.0023735002614557743
images/val-5550.jpg,neutral,0.5743932723999023,0.004930428694933653,0.023933714255690575,0.02955886721611023,0.09678256511688232,0.0015154150314629078,0.5743932723999023,0.2688857913017273
images/val-1887.jpg,happy,0.9888322353363037,0.0002972711226902902,0.00033715987228788435,0.0006292827893048525,0.9888322353363037,0.00042263176874257624,0.008228865452110767,0.0012526401551440358
images/val-7674.jpg,happy,0.3674013614654541,0.12629394233226776,0.09031703323125839,0.2884335219860077,0.3674013614654541,0.03759528324007988,0.0833965316414833,0.006562373135238886
images/val-1234.jpg,angry,0.6832841038703918,0.6832841038703918,0.038364190608263016,0.003978778142482042,0.0170979592949152,0.024188430979847908,0.1133548766374588,0.11973168700933456
images/val-2307.jpg,happy,0.9953973889350891,0.0005458549130707979,0.0003120065957773477,0.0003857472911477089,0.9953973889350891,0.00038053779280744493,0.0010208218591287732,0.0019576428458094597
images/val-3697.jpg,happy,0.992989182472229,0.0002733892761170864,0.0003429599164519459,0.0003810894850175828,0.992989182472229,0.0006075334385968745,0.0034300670959055424,0.001975781749933958
images/val-6512.jpg,sad,0.6712439656257629,0.1698237508535385,0.11234251409769058,0.6712439656257629,0.0011048833839595318,0.0186937153339386,0.014589931815862656,0.012201215140521526
images/val-9132.jpg,neutral,0.7907891869544983,0.11631989479064941,0.014408423565328121,0.014908188953995705,0.008915858343243599,0.05320984870195389,0.7907891869544983,0.0014486225554719567
images/val-5993.jpg,angry,0.6441096663475037,0.6441096663475037,0.15231531858444214,0.031190108507871628,0.1261807680130005,0.004780306946486235,0.0030847066082060337,0.03833908960223198
images/val-1480.jpg,happy,0.9922317266464233,0.0003084265918005258,0.000335704127792269,0.00039238730096258223,0.9922317266464233,0.0004118624492548406,0.004659332800656557,0.0016605245182290673
images/val-6465.jpg,happy,0.9758977293968201,0.0003019935102201998,0.0005343136726878583,0.002291173441335559,0.9758977293968201,0.0006098541198298335,0.01870654709637165,0.0016584832919761539
images/val-229.jpg,happy,0.9928982257843018,0.001162951230071485,0.0006253792089410126,0.00039346920675598085,0.9928982257843018,0.0007040349300950766,0.0023440588265657425,0.0018718673381954432
images/val-4333.jpg,happy,0.9916797280311584,0.00036845175782218575,0.00027607911033555865,0.0005065812729299068,0.9916797280311584,0.0005729718832299113,0.004670142661780119,0.001925977529026568
images/val-8792.jpg,sad,0.5040501952171326,0.12348752468824387,0.32257628440856934,0.5040501952171326,0.016794897615909576,0.0005736351013183594,0.03147048130631447,0.001046937657520175
images/val-2025.jpg,neutral,0.9152307510375977,0.01825338415801525,0.052424900233745575,0.007386752404272556,0.002302758861333132,0.0030663511715829372,0.9152307510375977,0.0013351318193599582
images/val-9996.jpg,sad,0.5186932682991028,0.08578791469335556,0.37466493248939514,0.5186932682991028,0.005128091666847467,0.0011818627826869488,0.01142624206840992,0.0031176714692264795
images/val-6039.jpg,happy,0.9944236874580383,0.0006001435103826225,0.00023923737171571702,0.00039262231439352036,0.9944236874580383,0.0005165169714018703,0.0012350304750725627,0.0025927661918103695
images/val-4296.jpg,neutral,0.9683035016059875,0.010491540655493736,0.008048809133470058,0.007046214304864407,0.0015974303241819143,0.0018910643411800265,0.9683035016059875,0.0026214811950922012
images/val-10840.jpg,angry,0.8921573758125305,0.8921573758125305,0.049676842987537384,0.02510455809533596,0.002781991846859455,0.0013791245874017477,0.026478394865989685,0.002421754878014326
images/val-6243.jpg,happy,0.9837409257888794,0.001293362583965063,0.00048467778833583,0.0005151224322617054,0.9837409257888794,0.0008444430422969162,0.010709915310144424,0.0024114518892019987
images/val-6087.jpg,sad,0.9825953245162964,0.006956967059522867,0.003826735308393836,0.9825953245162964,0.0024823793210089207,0.0015970472013577819,0.0018477444536983967,0.0006938324659131467
images/val-1776.jpg,neutral,0.7454506158828735,0.007600097451359034,0.04448642581701279,0.052103497087955475,0.13452424108982086,0.013919818215072155,0.7454506158828735,0.0019153445027768612
images/val-3831.jpg,neutral,0.96242356300354,0.0010762203019112349,0.001306443358771503,0.001063138828612864,0.02941005863249302,0.0012458676937967539,0.96242356300354,0.003474669298157096
images/val-7725.jpg,neutral,0.9878450036048889,0.002469290979206562,0.0026289913803339005,0.003711096476763487,0.0013277266407385468,0.000853430014103651,0.9878450036048889,0.0011643948964774609
images/val-411.jpg,happy,0.9883013367652893,0.00163059844635427,0.0005360584473237395,0.0014987841714173555,0.9883013367652893,0.0006913121324032545,0.0064963893964886665,0.0008454408380202949
images/val-9199.jpg,happy,0.9953283071517944,0.00024676532484591007,0.0002929723705165088,0.0004255601961631328,0.9953283071517944,0.00047788399388082325,0.0017745699733495712,0.0014539737021550536
images/val-5375.jpg,neutral,0.9208427667617798,0.021317405626177788,0.008605130948126316,0.02862720564007759,0.012520767748355865,0.006554021965712309,0.9208427667617798,0.0015327660366892815
images/val-3627.jpg,neutral,0.9829285144805908,0.0029864339157938957,0.004936428740620613,0.006634792312979698,0.0009656594484113157,0.0004148826119489968,0.9829285144805908,0.0011333344737067819
images/val-1036.jpg,neutral,0.8753949999809265,0.004055793397128582,0.010409258306026459,0.002327041234821081,0.006877320818603039,0.0118058230727911,0.8753949999809265,0.08912975341081619
images/val-7607.jpg,sad,0.9796639680862427,0.002552690217271447,0.002175625879317522,0.9796639680862427,0.005617048591375351,0.0019617192447185516,0.00687127560377121,0.0011577389668673277
images/val-4952.jpg,happy,0.9386443495750427,0.0020731608383357525,0.011180792935192585,0.02515827864408493,0.9386443495750427,0.0015433569205924869,0.018789593130350113,0.0026105183642357588
images/val-6690.jpg,happy,0.9957897067070007,0.000461457297205925,0.00025597060448490083,0.0003841218422167003,0.9957897067070007,0.00041437888285145164,0.0011754868319258094,0.0015189445111900568
images/val-1912.jpg,sad,0.4078153371810913,0.3913518488407135,0.02350148931145668,0.4078153371810913,0.018336020410060883,0.012009144760668278,0.12365752458572388,0.023328619077801704
images/val-2291.jpg,neutral,0.8888586759567261,0.0035613577347248793,0.005466299597173929,0.09867401421070099,0.0014089588075876236,0.0011383575620129704,0.8888586759567261,0.0008923157583922148
images/val-743.jpg,happy,0.6557981967926025,0.0038081109523773193,0.006075744517147541,0.16432876884937286,0.6557981967926025,0.0010614177444949746,0.1650635004043579,0.0038642233703285456
images/val-610.jpg,neutral,0.8342582583427429,0.001434227335266769,0.0016477311728522182,0.001456091646105051,0.1549505591392517,0.0021259638015180826,0.8342582583427429,0.004127161111682653
images/val-4987.jpg,happy,0.4171367287635803,0.19000351428985596,0.10599358379840851,0.02668880857527256,0.4171367287635803,0.0734669417142868,0.06149535998702049,0.12521502375602722
images/val-8072.jpg,neutral,0.9009692072868347,0.04233303666114807,0.0028747820761054754,0.044235557317733765,0.0066452715545892715,0.0007879028562456369,0.9009692072868347,0.0021542201284319162
images/val-1903.jpg,sad,0.5965090990066528,0.06016669049859047,0.013574592769145966,0.5965090990066528,0.0067125894129276276,0.2655758559703827,0.0460641011595726,0.011397089809179306
images/val-1593.jpg,neutral,0.986821711063385,0.004196038004010916,0.0019700422417372465,0.0026259913574904203,0.0012637930922210217,0.0017072323244065046,0.986821711063385,0.0014151516370475292
images/val-9875.jpg,angry,0.7833053469657898,0.7833053469657898,0.09015879034996033,0.0018741077510640025,0.030754806473851204,0.02129027247428894,0.0032696365378797054,0.06934703141450882
images/val-8808.jpg,neutral,0.9255484938621521,0.033309292048215866,0.0028927430976182222,0.029978642240166664,0.004831526428461075,0.0010379316518083215,0.9255484938621521,0.0024013929069042206
images/val-2223.jpg,happy,0.8715454339981079,0.0014181379228830338,0.0006356571684591472,0.010671372525393963,0.8715454339981079,0.00423553679138422,0.10304120928049088,0.008452581241726875
images/val-6368.jpg,neutral,0.9250462651252747,0.004761152435094118,0.0036777465138584375,0.06017979979515076,0.0022206222638487816,0.003467310918495059,0.9250462651252747,0.0006470454391092062
images/val-7433.jpg,sad,0.8937177062034607,0.014048906974494457,0.005248493980616331,0.8937177062034607,0.007001136429607868,0.0031261935364454985,0.07607273757457733,0.0007848205277696252
images/val-6079.jpg,sad,0.9765109419822693,0.001918165129609406,0.012661502696573734,0.9765109419822693,0.002214150968939066,0.0015117638977244496,0.004117239732295275,0.0010662303538993
images/val-8851.jpg,neutral,0.9838669300079346,0.002110179280862212,0.003252645954489708,0.00166421162430197,0.003253308590501547,0.0009178706677630544,0.9838669300079346,0.004934878088533878
images/val-6867.jpg,happy,0.9217366576194763,0.0006090938695706427,0.0025571410078555346,0.003198564052581787,0.9217366576194763,0.0019809433724731207,0.0597216933965683,0.010195821523666382
images/val-9623.jpg,neutral,0.982204258441925,0.0011808896670117974,0.0014137112302705646,0.0013606486609205604,0.01152806356549263,0.0007639480754733086,0.982204258441925,0.0015483350725844502
images/val-2532.jpg,happy,0.9936518669128418,0.0004913337761536241,0.00037615819019265473,0.00046414186363108456,0.9936518669128418,0.00045701267663389444,0.0009853916708379984,0.0035740602761507034
images/val-10351.jpg,happy,0.9936222434043884,0.000587236718274653,0.0002638115838635713,0.00037041836185380816,0.9936222434043884,0.0006881083245389163,0.0015149462269619107,0.0029533228371292353
images/val-1623.jpg,happy,0.9426321387290955,0.0005003026453778148,0.001078499830327928,0.0021590793039649725,0.9426321387290955,0.0007598465890623629,0.05096913129091263,0.0019009675597772002
images/val-8018.jpg,neutral,0.9384862780570984,0.012155342847108841,0.02271275594830513,0.02464093454182148,0.0008743512444198132,0.0005273809656500816,0.9384862780570984,0.0006029269425198436
images/val-6687.jpg,happy,0.9946544170379639,0.00044491924927569926,0.0003842306323349476,0.0011966818710789084,0.9946544170379639,0.0004610099131241441,0.0013376632705330849,0.0015211832942441106
images/val-4584.jpg,fear,0.8242506384849548,0.005243064370006323,0.8242506384849548,0.16099029779434204,0.0029090947937220335,0.00023116458032745868,0.004081392660737038,0.00229429523460567
images/val-537.jpg,happy,0.9947977066040039,0.000291696545900777,0.00033663149224594235,0.0005801056395284832,0.9947977066040039,0.0005854583578184247,0.0011401816736906767,0.002268099458888173
images/val-6071.jpg,neutral,0.5353623628616333,0.0013123758835718036,0.0030438173562288284,0.004647186957299709,0.44953563809394836,0.0017570930067449808,0.5353623628616333,0.004341584164649248
images/val-3560.jpg,neutral,0.6950860023498535,0.0019875080324709415,0.013966405764222145,0.26986971497535706,0.015820644795894623,0.0011920779943466187,0.6950860023498535,0.0020776758901774883
images/val-7265.jpg,happy,0.9733490347862244,0.0011288548121228814,0.0013293271185830235,0.001369214616715908,0.9733490347862244,0.0005594264366663992,0.021386314183473587,0.0008777384064160287
images/val-7286.jpg,sad,0.9823967218399048,0.007180920336395502,0.003425173694267869,0.9823967218399048,0.0026452539023011923,0.001570850028656423,0.001675737090408802,0.0011053316993638873
images/val-3869.jpg,fear,0.7852916121482849,0.06988528370857239,0.7852916121482849,0.06547708809375763,0.0014508793829008937,0.0005344458040781319,0.07205557823181152,0.005305028986185789
images/val-5943.jpg,sad,0.575702965259552,0.002643596613779664,0.01875494420528412,0.575702965259552,0.007621203549206257,0.0029690840747207403,0.3816741704940796,0.010634103789925575
images/val-1628.jpg,neutral,0.9834513664245605,0.0016198798548430204,0.0018495181575417519,0.0033363094553351402,0.008072818629443645,0.0010117368074133992,0.9834513664245605,0.0006584448274224997
images/val-6019.jpg,happy,0.9935197234153748,0.0003053387627005577,0.0007531872834078968,0.0014557585818693042,0.9935197234153748,0.0007175399805419147,0.001575049594976008,0.0016734367236495018
images/val-8921.jpg,neutral,0.9870601892471313,0.0012032516533508897,0.0015029023634269834,0.0011727578239515424,0.006621486507356167,0.001082244561985135,0.9870601892471313,0.00135712546762079
images/val-5877.jpg,sad,0.9058054089546204,0.017107727006077766,0.012046156451106071,0.9058054089546204,0.052272044122219086,0.00351156760007143,0.005003224592655897,0.00425390899181366
images/val-993.jpg,happy,0.995226263999939,0.0002558689739089459,0.00032324425410479307,0.0006049312651157379,0.995226263999939,0.0004329163348302245,0.002022523432970047,0.0011342327343299985
images/val-6524.jpg,neutral,0.8242906928062439,0.004263760056346655,0.00206468952819705,0.0030568642541766167,0.1608637571334839,0.0021410465706139803,0.8242906928062439,0.0033191032707691193
images/val-4521.jpg,fear,0.6973434686660767,0.0028973878361284733,0.6973434686660767,0.01113161351531744,0.005136530846357346,0.00131074502132833,0.004148933105170727,0.2780314087867737
images/val-3110.jpg,angry,0.8181489706039429,0.8181489706039429,0.06525483727455139,0.09301526099443436,0.002721435623243451,0.0025455576833337545,0.016689766198396683,0.0016241803532466292
images/val-2002.jpg,neutral,0.9343124032020569,0.04781074449419975,0.002109035151079297,0.006949513219296932,0.0026444285176694393,0.0019634519703686237,0.9343124032020569,0.004210448358207941
images/val-7451.jpg,sad,0.9798251986503601,0.0023456939961761236,0.00805217307060957,0.9798251986503601,0.0011738463072106242,0.0026646361220628023,0.005182071588933468,0.0007563418475911021
images/val-1502.jpg,neutral,0.4768531024456024,0.10102500766515732,0.022212937474250793,0.3514464497566223,0.04017626866698265,0.007410426624119282,0.4768531024456024,0.0008758637704886496
images/val-10202.jpg,happy,0.9755957126617432,0.005985087715089321,0.002686124062165618,0.0036462682764977217,0.9755957126617432,0.0008730879053473473,0.0009753952035680413,0.010238302871584892
images/val-350.jpg,neutral,0.7755839824676514,0.0018471387447789311,0.0020896587520837784,0.002884809859097004,0.2118442803621292,0.0017082792473956943,0.7755839824676514,0.004041864071041346
images/val-10687.jpg,happy,0.9947147965431213,0.00039651780389249325,0.0003810084890574217,0.0003596804162953049,0.9947147965431213,0.0006765811122022569,0.000989489140920341,0.002481811447069049
images/val-10564.jpg,neutral,0.8816941380500793,0.003300195327028632,0.00639061676338315,0.1001729741692543,0.0056815315037965775,0.002100681886076927,0.8816941380500793,0.0006598168984055519
images/val-3991.jpg,happy,0.41205647587776184,0.0642009824514389,0.12813183665275574,0.15069912374019623,0.41205647587776184,0.005122187081724405,0.229079008102417,0.010710475966334343
images/val-2064.jpg,neutral,0.8786066174507141,0.005034475587308407,0.06120562180876732,0.05177578702569008,0.0014377725310623646,0.001453076140023768,0.8786066174507141,0.00048669028910808265
images/val-9251.jpg,neutral,0.9317570924758911,0.00353038078173995,0.001734752906486392,0.013283008709549904,0.04372808337211609,0.0012774283532053232,0.9317570924758911,0.004689198452979326
images/val-3363.jpg,happy,0.8225634098052979,0.0010089378338307142,0.0008868912700563669,0.001964765600860119,0.8225634098052979,0.0010413010604679585,0.16946104168891907,0.0030736287590116262
images/val-10284.jpg,neutral,0.9778501987457275,0.010263876058161259,0.005532506387680769,0.0030957632698118687,0.0016377756837755442,0.0008011628524400294,0.9778501987457275,0.0008187492494471371
images/val-9081.jpg,sad,0.9856714606285095,0.0015809049364179373,0.0052460259757936,0.9856714606285095,0.0017674710834398866,0.001465094042941928,0.003743268782272935,0.0005258495802991092
images/val-3395.jpg,neutral,0.9860532879829407,0.004579462110996246,0.0014007645659148693,0.0046140281483531,0.001925354590639472,0.0006551242549903691,0.9860532879829407,0.0007719499408267438
images/val-9608.jpg,fear,0.8669140338897705,0.026644844561815262,0.8669140338897705,0.09783589094877243,0.0032653261441737413,0.001092649414204061,0.0028513972647488117,0.0013958363560959697
images/val-3539.jpg,sad,0.9829809665679932,0.005424062255769968,0.005414379294961691,0.9829809665679932,0.0017103244317695498,0.0021431713830679655,0.0015550872776657343,0.0007720227004028857
images/val-3818.jpg,happy,0.9934490323066711,0.0003850806097034365,0.000311497162329033,0.0005063135176897049,0.9934490323066711,0.0005322858924046159,0.002766812453046441,0.0020490570459514856
images/val-9883.jpg,sad,0.9782395958900452,0.0031828524079173803,0.0029205712489783764,0.9782395958900452,0.0032024867832660675,0.004254148341715336,0.007390895858407021,0.000809420133009553
images/val-10403.jpg,fear,0.8665392994880676,0.05062418058514595,0.8665392994880676,0.02031167596578598,0.019665377214550972,0.004671148490160704,0.005232939030975103,0.03295540437102318
images/val-47.jpg,happy,0.9904148578643799,0.0006732518086209893,0.00033334625186398625,0.00041331833926960826,0.9904148578643799,0.0005025648279115558,0.006066103931516409,0.0015965135535225272
images/val-4543.jpg,neutral,0.9863320589065552,0.003870804328471422,0.0017721235053613782,0.001442386070266366,0.0046400087885558605,0.0007755755796097219,0.9863320589065552,0.0011671194806694984
images/val-2371.jpg,happy,0.9951460957527161,0.0003978623717557639,0.0001948397548403591,0.0003913154941983521,0.9951460957527161,0.0004562739050015807,0.001809155335649848,0.0016045158263295889
images/val-2130.jpg,neutral,0.9908470511436462,0.0013919520424678922,0.0014920819085091352,0.0014316983288154006,0.0026877073105424643,0.0008577187545597553,0.9908470511436462,0.0012918133288621902
images/val-9729.jpg,sad,0.730369508266449,0.004982796497642994,0.02260597050189972,0.730369508266449,0.011995639652013779,0.0014696151483803988,0.22632142901420593,0.002255011582747102
images/val-9801.jpg,happy,0.9931841492652893,0.0002748825354501605,0.0003109638928435743,0.00034432433312758803,0.9931841492652893,0.0005350341089069843,0.003548939013853669,0.0018017947440966964
images/val-2859.jpg,happy,0.9934624433517456,0.0004908015253022313,0.00026974655338563025,0.0004223291762173176,0.9934624433517456,0.0004277869884390384,0.0025116039905697107,0.0024152465630322695
images/val-1802.jpg,sad,0.8822939395904541,0.07053637504577637,0.012054582126438618,0.8822939395904541,0.0017004591645672917,0.00396599480882287,0.028843916952610016,0.000604785222094506
images/val-423.jpg,happy,0.994182288646698,0.0002841240493580699,0.00046154248411767185,0.0004438307951204479,0.994182288646698,0.0006448056665249169,0.001244330545887351,0.002739082323387265
images/val-2160.jpg,sad,0.9729925990104675,0.005726406816393137,0.007152027916163206,0.9729925990104675,0.0006795591325499117,0.001709473435766995,0.01084810495376587,0.0008918311214074492
images/val-244.jpg,happy,0.9946058392524719,0.0002699187316466123,0.00025533977895975113,0.0004532950115390122,0.9946058392524719,0.0005647262441925704,0.0018679891945794225,0.001982935704290867
images/val-5870.jpg,happy,0.894101619720459,0.0024702558293938637,0.0024273518938571215,0.01689479872584343,0.894101619720459,0.002205492462962866,0.0704575926065445,0.011442895047366619
images/val-3899.jpg,happy,0.9911863207817078,0.000415747839724645,0.00026896074996329844,0.0003160698979627341,0.9911863207817078,0.0006340909167192876,0.005377081222832203,0.001801813836209476
images/val-9648.jpg,happy,0.6245898604393005,0.0011915175709873438,0.0011712316190823913,0.0021760454401373863,0.6245898604393005,0.002009277930483222,0.3639821410179138,0.004879883024841547
images/val-5305.jpg,fear,0.6900232434272766,0.004082342144101858,0.6900232434272766,0.13530535995960236,0.021677453070878983,0.00343829276971519,0.13683262467384338,0.008640707470476627
images/val-259.jpg,happy,0.9941154718399048,0.000289091287413612,0.0002480007824487984,0.00044684475869871676,0.9941154718399048,0.0004839332541450858,0.0027096662670373917,0.0017069070599973202
images/val-2855.jpg,sad,0.9465774297714233,0.0027897919062525034,0.0037027341313660145,0.9465774297714233,0.0037293732166290283,0.001320601673796773,0.040989384055137634,0.0008906509028747678
images/val-4348.jpg,neutral,0.4912734925746918,0.004864145070314407,0.004006893839687109,0.062374334782361984,0.4330390989780426,0.0028723962604999542,0.4912734925746918,0.001569667598232627
images/val-859.jpg,happy,0.9936144351959229,0.00030644351500086486,0.00042957247933372855,0.00040058657759800553,0.9936144351959229,0.00048540488933213055,0.0015089339576661587,0.003254619659855962
images/val-2077.jpg,happy,0.9952113032341003,0.0005620313459075987,0.0003776115190703422,0.000295940728392452,0.9952113032341003,0.0006085370550863445,0.0010374527191743255,0.0019071096321567893
images/val-6898.jpg,happy,0.9950717091560364,0.00031516188755631447,0.00033800024539232254,0.00035858771298080683,0.9950717091560364,0.0005654608830809593,0.0011889281449839473,0.0021621701307594776
images/val-8620.jpg,surprise,0.7160224914550781,0.040537282824516296,0.03651673346757889,0.018966330215334892,0.0194504763931036,0.006811171304434538,0.16169553995132446,0.7160224914550781
images/val-1863.jpg,sad,0.954901397228241,0.002020198153331876,0.002374522155150771,0.954901397228241,0.006879545748233795,0.0014920873800292611,0.030731333419680595,0.0016009295359253883
images/val-1042.jpg,neutral,0.8612709641456604,0.10446596890687943,0.015099703334271908,0.009445229545235634,0.006183422636240721,0.0019893439020961523,0.8612709641456604,0.0015453021042048931
images/val-7803.jpg,sad,0.6439762115478516,0.3048785924911499,0.03351394087076187,0.6439762115478516,0.0007476921309717,0.007889081723988056,0.0074930572882294655,0.0015014447271823883
images/val-7345.jpg,sad,0.9730237722396851,0.0034666084684431553,0.0032504985574632883,0.9730237722396851,0.004810453858226538,0.005681959912180901,0.008511836640536785,0.0012549004750326276
images/val-5932.jpg,happy,0.9950189590454102,0.00035284386831335723,0.00027406675508245826,0.0004312886158004403,0.9950189590454102,0.0004531711165327579,0.0014603703748434782,0.0020091701298952103
images/val-8409.jpg,neutral,0.9097703099250793,0.009790152311325073,0.01648268848657608,0.060675956308841705,0.001491863513365388,0.0005537617253139615,0.9097703099250793,0.0012352282647043467
images/val-1787.jpg,neutral,0.8032404780387878,0.002027751412242651,0.002048656577244401,0.0015967936487868428,0.17765480279922485,0.004179271403700113,0.8032404780387878,0.009252282790839672
images/val-7406.jpg,neutral,0.9848624467849731,0.0013573917094618082,0.002462682081386447,0.001595181762240827,0.006677491590380669,0.0007413382991217077,0.9848624467849731,0.002303468529134989
images/val-8255.jpg,happy,0.9953845143318176,0.0006402795552276075,0.00024183333152905107,0.0005425572162494063,0.9953845143318176,0.0003422301379032433,0.0014857169007882476,0.0013629733584821224
images/val-3630.jpg,neutral,0.9437260031700134,0.006747168488800526,0.0012472630478441715,0.0032711545936763287,0.04280519858002663,0.0014567748876288533,0.9437260031700134,0.0007463739602826536
images/val-711.jpg,angry,0.9112856984138489,0.9112856984138489,0.05318032577633858,0.024163851514458656,0.000934180396143347,0.0014250174863263965,0.006632823497056961,0.002378056989982724
images/val-8544.jpg,happy,0.9664269089698792,0.022782597690820694,0.0019799848087131977,0.001476847450248897,0.9664269089698792,0.0012038720306009054,0.002970934845507145,0.0031588785350322723
images/val-10249.jpg,neutral,0.9414110779762268,0.009137446992099285,0.014029638841748238,0.03217092528939247,0.0013550565345212817,0.0012482954189181328,0.9414110779762268,0.000647509004920721
images/val-7505.jpg,sad,0.943018913269043,0.003296059323474765,0.02093762531876564,0.943018913269043,0.0029478897340595722,0.00040608932613395154,0.02867407351732254,0.0007193349883891642
images/val-511.jpg,happy,0.9776421785354614,0.012361831031739712,0.0019100956851616502,0.0020624639000743628,0.9776421785354614,0.0008973546791821718,0.0020821455400437117,0.003043925855308771
images/val-997.jpg,sad,0.984413206577301,0.0019829426892101765,0.006777564529329538,0.984413206577301,0.0007256700191646814,0.0013416723813861609,0.004365329165011644,0.00039354260661639273
images/val-7848.jpg,happy,0.9946693778038025,0.0005446630530059338,0.0003879342111758888,0.00033091104705818,0.9946693778038025,0.0005104232113808393,0.0007516310433857143,0.0028050050605088472
images/val-6581.jpg,neutral,0.9424988031387329,0.007461778819561005,0.01911640353500843,0.028732433915138245,0.0007706169853918254,0.0006161197670735419,0.9424988031387329,0.0008037962834350765
images/val-6985.jpg,happy,0.577256977558136,0.04757791757583618,0.01595677062869072,0.061240777373313904,0.577256977558136,0.0037810998037457466,0.287380576133728,0.00680585578083992
images/val-1769.jpg,happy,0.9927617907524109,0.0003087568038608879,0.00033255809103138745,0.00035194697557017207,0.9927617907524109,0.0006571338744834065,0.0031665395945310593,0.002421076875180006
images/val-8033.jpg,neutral,0.9824994802474976,0.005132986232638359,0.003538694931194186,0.0036871039774268866,0.001079829758964479,0.0012482975143939257,0.9824994802474976,0.0028135243337601423
images/val-7268.jpg,neutral,0.6705545783042908,0.008826544508337975,0.008945753797888756,0.07486125081777573,0.23334084451198578,0.001687796670012176,0.6705545783042908,0.0017832458252087235
images/val-1205.jpg,fear,0.7468259930610657,0.010507178492844105,0.7468259930610657,0.2047761231660843,0.012424423359334469,0.0006542255287058651,0.0027337996289134026,0.022078298032283783
images/val-1324.jpg,neutral,0.5388092994689941,0.09090142697095871,0.0705697163939476,0.23808421194553375,0.0520419143140316,0.006292521487921476,0.5388092994689941,0.003300956217572093
images/val-5278.jpg,happy,0.9928298592567444,0.00044615278602577746,0.00028723274590447545,0.000487446115585044,0.9928298592567444,0.0005899721290916204,0.0021176873706281185,0.0032416097819805145
images/val-2431.jpg,happy,0.9865276217460632,0.000335966469720006,0.0006271087913773954,0.0005918442620895803,0.9865276217460632,0.0006729304441250861,0.009719203226268291,0.0015252971788868308
images/val-1077.jpg,neutral,0.6348531246185303,0.04654887691140175,0.027814088389277458,0.07178524136543274,0.2126261442899704,0.0020952809136360884,0.6348531246185303,0.004277222789824009
images/val-2068.jpg,angry,0.9300536513328552,0.9300536513328552,0.0370618961751461,0.021226681768894196,0.004376518540084362,0.0024547316133975983,0.002662676852196455,0.002163921482861042
images/val-4506.jpg,happy,0.9937989115715027,0.00024270259018521756,0.00024266232503578067,0.00047307088971138,0.9937989115715027,0.0004256119718775153,0.0033403432462364435,0.001476628938689828
images/val-10014.jpg,neutral,0.9886383414268494,0.0013890591217204928,0.0021700337529182434,0.003941983915865421,0.0024093142710626125,0.0007221218547783792,0.9886383414268494,0.00072912173345685
images/val-8985.jpg,neutral,0.9232914447784424,0.0029080563690513372,0.015890812501311302,0.004720969125628471,0.05074644088745117,0.0007136530475690961,0.9232914447784424,0.0017285525100305676
images/val-5328.jpg,happy,0.9845706820487976,0.005773878190666437,0.0003207757545169443,0.0012569139944389462,0.9845706820487976,0.0022148157004266977,0.003798901569098234,0.0020640939474105835
images/val-6241.jpg,sad,0.41619378328323364,0.413796991109848,0.028594763949513435,0.41619378328323364,0.0723305195569992,0.01168745756149292,0.043057385832071304,0.014339052140712738
images/val-8693.jpg,happy,0.9538700580596924,0.0012113068951293826,0.0018050366779789329,0.003330822801217437,0.9538700580596924,0.0022053178399801254,0.03308233618736267,0.004495133645832539
images/val-4832.jpg,neutral,0.7703057527542114,0.0053687309846282005,0.005493811331689358,0.2091292291879654,0.006672677118331194,0.002342951949685812,0.7703057527542114,0.000686855404637754
images/val-10805.jpg,happy,0.9914612770080566,0.0008097300305962563,0.00033013391657732427,0.00035538888187147677,0.9914612770080566,0.0006570176337845623,0.004418158438056707,0.001968400552868843
images/val-8283.jpg,happy,0.989690899848938,0.00032111883047036827,0.0005024521378800273,0.00042033568024635315,0.989690899848938,0.0005707777454517782,0.006690856534987688,0.001803519786335528
images/val-7049.jpg,sad,0.5060058832168579,0.11185216158628464,0.2366887331008911,0.5060058832168579,0.00537304999306798,0.0018633564468473196,0.13338294625282288,0.004833801183849573
images/val-1625.jpg,happy,0.9939935803413391,0.0005075737135484815,0.0005725432420149446,0.00046623649541288614,0.9939935803413391,0.0005811006994917989,0.0011716054286807775,0.002707230392843485
images/val-10273.jpg,angry,0.7673028707504272,0.7673028707504272,0.09468255192041397,0.10764854401350021,0.003910120110958815,0.009572580456733704,0.002808386692777276,0.014074965380132198
images/val-9034.jpg,neutral,0.9505226016044617,0.01930166408419609,0.011561698280274868,0.0046843551099300385,0.011838754639029503,0.0004918585764244199,0.9505226016044617,0.0015989987878128886
images/val-3523.jpg,neutral,0.9470897912979126,0.0016819254960864782,0.006865588016808033,0.007061576470732689,0.03421149030327797,0.00037164954119361937,0.9470897912979126,0.00271802325733006
images/val-7047.jpg,angry,0.4621439576148987,0.4621439576148987,0.00915430299937725,0.012697207741439342,0.4185630679130554,0.006677352357655764,0.07979511469602585,0.010969000868499279
images/val-7399.jpg,neutral,0.9577026963233948,0.015808433294296265,0.008432366885244846,0.007862589322030544,0.008289309218525887,0.0006077692960388958,0.9577026963233948,0.0012968068476766348
images/val-3744.jpg,neutral,0.9683318138122559,0.0030940931756049395,0.0047560157254338264,0.020202284678816795,0.0020766768138855696,0.0010656521189957857,0.9683318138122559,0.00047346617793664336
images/val-6780.jpg,happy,0.9948104619979858,0.00039960574940778315,0.0002823758695740253,0.00040715516661293805,0.9948104619979858,0.0004631180199794471,0.0019992992747575045,0.0016379703301936388
images/val-5554.jpg,happy,0.9938743710517883,0.0009129279060289264,0.0005521787097677588,0.0008501880220137537,0.9938743710517883,0.0003543888160493225,0.0022980605717748404,0.001157885417342186
images/val-7431.jpg,angry,0.5495597124099731,0.5495597124099731,0.041146766394376755,0.20211169123649597,0.0453803651034832,0.0023436632473021746,0.14316993951797485,0.016287904232740402
images/val-6533.jpg,sad,0.854300320148468,0.05925798788666725,0.07636813819408417,0.854300320148468,0.0019294393714517355,0.0009374375222250819,0.00439969589933753,0.002807043259963393
images/val-6816.jpg,sad,0.7250106334686279,0.009296012111008167,0.20727212727069855,0.7250106334686279,0.022326931357383728,0.0022921354975551367,0.03194080665707588,0.0018612940330058336
images/val-1558.jpg,angry,0.4573722183704376,0.4573722183704376,0.13078220188617706,0.11721235513687134,0.16795359551906586,0.018349509686231613,0.09178141504526138,0.01654866896569729
images/val-5121.jpg,happy,0.99378502368927,0.0003117196320090443,0.00046138401376083493,0.0008620157605037093,0.99378502368927,0.0005242860061116517,0.0015401615528389812,0.0025154727045446634
images/val-6993.jpg,sad,0.9810853004455566,0.003191380761563778,0.005893912632018328,0.9810853004455566,0.00298883393406868,0.0018087715143337846,0.003256421070545912,0.001775320153683424
images/val-9613.jpg,happy,0.995380163192749,0.0006055677076801658,0.0004134844057261944,0.0003090095124207437,0.995380163192749,0.0005193678080104291,0.0009426756296306849,0.0018298841314390302
images/val-4177.jpg,neutral,0.984970211982727,0.0030671926215291023,0.003974619321525097,0.0056245275773108006,0.00097237917361781,0.0004550307057797909,0.984970211982727,0.000936034310143441
images/val-6133.jpg,neutral,0.6676361560821533,0.010579208843410015,0.05392831191420555,0.2639242112636566,0.0011098991381004453,0.0012932574609294534,0.6676361560821533,0.0015289171133190393
images/val-2501.jpg,neutral,0.9823184013366699,0.0028928976971656084,0.003332446562126279,0.0036562627647072077,0.006724967155605555,0.0005041544209234416,0.9823184013366699,0.0005708946264348924
images/val-7771.jpg,angry,0.9069801568984985,0.9069801568984985,0.0081751998513937,0.006334646604955196,0.043509870767593384,0.0034582039806991816,0.02834869921207428,0.0031932489946484566
images/val-1100.jpg,happy,0.9928037524223328,0.0006786257727071643,0.0003905386838596314,0.0006012436933815479,0.9928037524223328,0.0006429236382246017,0.0031284524593502283,0.0017544610891491175
images/val-10011.jpg,sad,0.8790714740753174,0.06878388673067093,0.01811109110713005,0.8790714740753174,0.002038756851106882,0.0028927652165293694,0.01672431454062462,0.012377631850540638
images/val-1399.jpg,happy,0.9905111193656921,0.0003158413164783269,0.0003729875315912068,0.0005831880844198167,0.9905111193656921,0.00041391554987058043,0.006123932544142008,0.0016790778608992696
images/val-9961.jpg,angry,0.39830854535102844,0.39830854535102844,0.007847713306546211,0.3111615478992462,0.0020677573047578335,0.006369712762534618,0.2714412212371826,0.0028035033028572798
images/val-7076.jpg,angry,0.3416562080383301,0.3416562080383301,0.1755869835615158,0.33188512921333313,0.040038350969552994,0.02271439880132675,0.06735804677009583,0.02076086960732937
images/val-1583.jpg,happy,0.7900282740592957,0.17158058285713196,0.007635457441210747,0.004691528622061014,0.7900282740592957,0.004900531377643347,0.013683968223631382,0.007479672320187092
images/val-6106.jpg,fear,0.46603626012802124,0.10095194727182388,0.46603626012802124,0.14561712741851807,0.029958708211779594,0.017933649942278862,0.05760044977068901,0.18190181255340576
images/val-2132.jpg,happy,0.5174081921577454,0.0010170091409236193,0.0016472814604640007,0.003769909730181098,0.5174081921577454,0.0032545519061386585,0.46400266885757446,0.00890033133327961
images/val-9116.jpg,happy,0.8412546515464783,0.001232240698300302,0.0008566042524762452,0.0014061270048841834,0.8412546515464783,0.0008355170721188188,0.15173427760601044,0.002680612960830331
images/val-983.jpg,happy,0.992064893245697,0.00026226387126371264,0.00035551912151277065,0.0006323372945189476,0.992064893245697,0.0003376648819539696,0.00521016726270318,0.001137102604843676
images/val-9202.jpg,angry,0.4566172659397125,0.4566172659397125,0.294138640165329,0.04860803112387657,0.006855727639049292,0.0021377475932240486,0.18748946487903595,0.00415311474353075
images/val-9203.jpg,neutral,0.988249659538269,0.0020994343794882298,0.0035602084826678038,0.002297254977747798,0.0014744182117283344,0.0007837158045731485,0.988249659538269,0.0015352856134995818
images/val-5401.jpg,happy,0.9399420619010925,0.004780302755534649,0.0015398664399981499,0.010312852449715137,0.9399420619010925,0.0030501598957926035,0.017165686935186386,0.02320913039147854
images/val-2003.jpg,happy,0.9852541089057922,0.00360437692143023,0.0015621529892086983,0.0007939413189888,0.9852541089057922,0.0026793924625962973,0.002254295628517866,0.0038518011569976807
images/val-9911.jpg,happy,0.9924895763397217,0.00031694667995907366,0.00039147320785559714,0.0006042391178198159,0.9924895763397217,0.0003717572835739702,0.0042226361110806465,0.0016034290893003345
images/val-5794.jpg,happy,0.8134230375289917,0.034915365278720856,0.10716504603624344,0.02082204818725586,0.8134230375289917,0.0026885541155934334,0.012825901620090008,0.008160149678587914
images/val-6930.jpg,happy,0.9944777488708496,0.0004670598718803376,0.0002747805556282401,0.0003391281934455037,0.9944777488708496,0.00031294909422285855,0.0014824125682935119,0.0026459924411028624
images/val-843.jpg,happy,0.8991398811340332,0.00045352044980973005,0.0008470731554552913,0.0024312257301062346,0.8991398811340332,0.0014999067643657327,0.08948017656803131,0.006148157175630331
images/val-9836.jpg,sad,0.9309096932411194,0.03382139652967453,0.00996386632323265,0.9309096932411194,0.002338130259886384,0.0008141951402649283,0.021414881572127342,0.0007378769223578274
images/val-5120.jpg,happy,0.9761862754821777,0.0003102549526374787,0.0009517389698885381,0.004605073016136885,0.9761862754821777,0.0016760850558057427,0.01357329823076725,0.0026971115730702877
images/val-5762.jpg,sad,0.9680343270301819,0.0016804113984107971,0.011392664164304733,0.9680343270301819,0.01078545581549406,0.0010586112039163709,0.004741419106721878,0.0023070231545716524
images/val-10589.jpg,happy,0.988913357257843,0.00022607130813412368,0.0005121285212226212,0.0007027069223113358,0.988913357257843,0.0005159156862646341,0.007301110774278641,0.001828614971600473
images/val-9469.jpg,neutral,0.9756482243537903,0.007384320255368948,0.002077649347484112,0.00836966559290886,0.0014172687660902739,0.0017711116233840585,0.9756482243537903,0.0033317578490823507
images/val-8314.jpg,neutral,0.9330607652664185,0.0014880726812407374,0.0011783387744799256,0.002356855198740959,0.05822840705513954,0.0021454726811498404,0.9330607652664185,0.0015421253629028797
images/val-3486.jpg,happy,0.9913707971572876,0.0002939449914265424,0.00032433148589916527,0.0005030863685533404,0.9913707971572876,0.0004919893108308315,0.00559067539870739,0.0014251632383093238
images/val-2536.jpg,happy,0.9942150712013245,0.0003270894812885672,0.00022290444758255035,0.0004245733725838363,0.9942150712013245,0.0005342816584743559,0.002738618990406394,0.0015375333605334163
images/val-7901.jpg,happy,0.9667658805847168,0.004517365712672472,0.008843514136970043,0.003291125176474452,0.9667658805847168,0.0026097761001437902,0.0008776923059485853,0.013094600290060043
images/val-3675.jpg,happy,0.9687196016311646,0.001021575997583568,0.0007804116467013955,0.0008406994747929275,0.9687196016311646,0.0009515563724562526,0.020551130175590515,0.0071350703947246075
images/val-1774.jpg,neutral,0.8541281819343567,0.0015350199537351727,0.005023382604122162,0.13208194077014923,0.002920022001489997,0.0036968300119042397,0.8541281819343567,0.0006146719679236412
images/val-5737.jpg,angry,0.9061969518661499,0.9061969518661499,0.013133695349097252,0.008704996667802334,0.0561651848256588,0.00659943139180541,0.002937501994892955,0.006262085400521755
images/val-9114.jpg,neutral,0.9627362489700317,0.002924167551100254,0.0019158321665599942,0.015690485015511513,0.009238430298864841,0.003467349335551262,0.9627362489700317,0.004027368035167456
images/val-6023.jpg,neutral,0.9820807576179504,0.008346205577254295,0.0035169273614883423,0.0029310942627489567,0.0012945280177518725,0.0011164749739691615,0.9820807576179504,0.0007140241796150804
images/val-1883.jpg,neutral,0.981226921081543,0.003579644486308098,0.0035075503401458263,0.0016099378699436784,0.005171846132725477,0.0011647524079307914,0.981226921081543,0.0037393735256046057
images/val-10504.jpg,neutral,0.9891489148139954,0.0014873514883220196,0.0020133270882070065,0.0011596885742619634,0.003322826698422432,0.001449206960387528,0.9891489148139954,0.0014186601620167494
images/val-9407.jpg,sad,0.9383184313774109,0.013874550350010395,0.03534996509552002,0.9383184313774109,0.0005592121160589159,0.0012394653167575598,0.009868915192782879,0.000789450656156987
images/val-3706.jpg,happy,0.7314849495887756,0.13347676396369934,0.0040368130430579185,0.0028014432173222303,0.7314849495887756,0.008411073125898838,0.06787329167127609,0.05191557854413986
images/val-7031.jpg,neutral,0.9822670817375183,0.003622759133577347,0.005577915348112583,0.004483985714614391,0.0011334443697705865,0.0013512143632397056,0.9822670817375183,0.0015636690659448504
images/val-9191.jpg,happy,0.9942575693130493,0.000908402435015887,0.00028874463168904185,0.00040744125726632774,0.9942575693130493,0.0010395048884674907,0.0011137737892568111,0.001984480768442154
images/val-9122.jpg,sad,0.9165158271789551,0.010571862570941448,0.027148544788360596,0.9165158271789551,0.026277629658579826,0.0020290217362344265,0.016629686579108238,0.0008273615967482328
images/val-431.jpg,happy,0.9946950078010559,0.00039478670805692673,0.00028516523889265954,0.0005288783577270806,0.9946950078010559,0.0003617456532083452,0.0025081816129386425,0.0012263729004189372
images/val-4382.jpg,sad,0.9573704600334167,0.006387918721884489,0.0228059533983469,0.9573704600334167,0.00905362144112587,0.0011243418557569385,0.002437683753669262,0.0008199845324270427
images/val-9865.jpg,sad,0.6369161605834961,0.16908590495586395,0.01505730114877224,0.6369161605834961,0.004379207734018564,0.0025009899400174618,0.17113222181797028,0.0009281965321861207
images/val-2956.jpg,happy,0.8752572536468506,0.09704998135566711,0.005127750802785158,0.005107353441417217,0.8752572536468506,0.007487592287361622,0.0044184401631355286,0.005551709793508053
images/val-4478.jpg,happy,0.9895450472831726,0.00031763946753926575,0.00033129568328149617,0.00046774427755735815,0.9895450472831726,0.00032881530933082104,0.006431098561733961,0.002578272484242916
images/val-5063.jpg,neutral,0.9885502457618713,0.0022238700184971094,0.0012486169580370188,0.0013947472907602787,0.00457656430080533,0.0010504928650334477,0.9885502457618713,0.0009553709533065557
images/val-5568.jpg,angry,0.9783667922019958,0.9783667922019958,0.003996304702013731,0.007703736890107393,0.0010179848177358508,0.003363647498190403,0.004087568260729313,0.001463999506086111
images/val-5752.jpg,neutral,0.8916426301002502,0.0022177465725690126,0.006339677609503269,0.009973227046430111,0.038103751838207245,0.003859719494357705,0.8916426301002502,0.04786328598856926
images/val-101.jpg,happy,0.9950921535491943,0.00029855992761440575,0.0003302744007669389,0.0004970511654391885,0.9950921535491943,0.0004801120958290994,0.0017490554600954056,0.001552753266878426
images/val-2973.jpg,neutral,0.7528350353240967,0.009911442175507545,0.017656033858656883,0.21627427637577057,0.0012634629383683205,0.0016028528334572911,0.7528350353240967,0.00045684989891014993
images/val-2348.jpg,neutral,0.5384994149208069,0.004944648128002882,0.08670980483293533,0.002790756756439805,0.06154181808233261,0.002410714980214834,0.5384994149208069,0.3031028211116791
images/val-9279.jpg,surprise,0.7105307579040527,0.020741237327456474,0.19350653886795044,0.0021362747065722942,0.0028064458165317774,0.05841383337974548,0.011864911764860153,0.7105307579040527
images/val-6567.jpg,neutral,0.987366795539856,0.0023228104691952467,0.001073650550097227,0.0009444733732379973,0.0042969719506800175,0.0011804160894826055,0.987366795539856,0.002814845647662878
images/val-1141.jpg,sad,0.9724054336547852,0.0018259388161823153,0.0020245707128196955,0.9724054336547852,0.007849293760955334,0.002122079022228718,0.013256488367915154,0.0005161468870937824
images/val-2325.jpg,neutral,0.9477377533912659,0.005441078916192055,0.011133748106658459,0.033427949994802475,0.0012235237518325448,0.0003616272297222167,0.9477377533912659,0.0006743845297023654
images/val-503.jpg,angry,0.4681478440761566,0.4681478440761566,0.025216877460479736,0.020803632214665413,0.3170422315597534,0.003062920644879341,0.15979838371276855,0.005928061902523041
images/val-1504.jpg,sad,0.9876377582550049,0.00202652788721025,0.00315677747130394,0.9876377582550049,0.0018939418951049447,0.0018623077776283026,0.0025375063996762037,0.0008851696038618684
images/val-8692.jpg,sad,0.9828941226005554,0.0028946581296622753,0.007273866795003414,0.9828941226005554,0.0012786065926775336,0.002943282248452306,0.0019107433035969734,0.0008047352894209325
images/val-3525.jpg,neutral,0.990006685256958,0.0012342864647507668,0.001291218912228942,0.0010311040095984936,0.0035191841889172792,0.0009922131430357695,0.990006685256958,0.0019252236234024167
images/val-6164.jpg,happy,0.9879280924797058,0.00033938285196200013,0.0003801576094701886,0.0006169953267090023,0.9879280924797058,0.0005508173489943147,0.008759613148868084,0.0014249476371333003
images/val-6879.jpg,sad,0.9873465895652771,0.0019246522570028901,0.0035454994067549706,0.9873465895652771,0.000910806586034596,0.0011089734034612775,0.0046403249725699425,0.0005231432151049376
images/val-9731.jpg,sad,0.8922757506370544,0.008682473562657833,0.006002705078572035,0.8922757506370544,0.0440666489303112,0.0034379512071609497,0.043640151619911194,0.0018942567985504866
images/val-5586.jpg,happy,0.9878818988800049,0.004675265401601791,0.0010876570595428348,0.0005224848282523453,0.9878818988800049,0.0007756901904940605,0.0008068722090683877,0.004249953664839268
images/val-2579.jpg,happy,0.9650075435638428,0.00896958913654089,0.0018247936386615038,0.006756825838238001,0.9650075435638428,0.0012976303696632385,0.01426634844392538,0.0018773427000269294
images/val-6063.jpg,sad,0.9873052835464478,0.002073117299005389,0.0036149786319583654,0.9873052835464478,0.001210083020851016,0.0015687933191657066,0.003573457710444927,0.0006542560877278447
images/val-5106.jpg,angry,0.3471373915672302,0.3471373915672302,0.13342374563217163,0.18050509691238403,0.02496352605521679,0.00952779222279787,0.29997268319129944,0.004469781182706356
images/val-9863.jpg,happy,0.994325578212738,0.00027157654403708875,0.00038344733184203506,0.0007617736118845642,0.994325578212738,0.0005991156795062125,0.0019179657101631165,0.0017404394457116723
images/val-9300.jpg,neutral,0.5991194248199463,0.09274467080831528,0.02553936466574669,0.15781085193157196,0.09109478443861008,0.022708607837557793,0.5991194248199463,0.010982382111251354
images/val-1392.jpg,happy,0.7821422815322876,0.031279370188713074,0.033601243048906326,0.09814927726984024,0.7821422815322876,0.012849701568484306,0.0237132515758276,0.018264826387166977
images/val-862.jpg,neutral,0.9772289991378784,0.007475612685084343,0.0022079425398260355,0.00976228155195713,0.0015812691999599338,0.0007302174344658852,0.9772289991378784,0.0010137950303032994
images/val-2550.jpg,neutral,0.5923272371292114,0.02122914046049118,0.032846469432115555,0.29642391204833984,0.031577255576848984,0.0017886195564642549,0.5923272371292114,0.023807376623153687
images/val-10649.jpg,neutral,0.9630582332611084,0.003150966949760914,0.002549163531512022,0.01092634815722704,0.006323009729385376,0.0012241166550666094,0.9630582332611084,0.012768112123012543
images/val-816.jpg,neutral,0.9884423613548279,0.0011685630306601524,0.0012960589956492186,0.0010548281716182828,0.0048593925312161446,0.0012899675639346242,0.9884423613548279,0.0018888813210651278
images/val-1337.jpg,neutral,0.981033444404602,0.0012685059336945415,0.0011514370562508702,0.0015010216739028692,0.01073931623250246,0.0022118990309536457,0.981033444404602,0.002094355644658208
images/val-4459.jpg,neutral,0.8220651149749756,0.022936804220080376,0.054624173790216446,0.07640480995178223,0.013748032972216606,0.0069999778643250465,0.8220651149749756,0.0032210678327828646
images/val-7260.jpg,sad,0.9852957725524902,0.0019356288248673081,0.006697196513414383,0.9852957725524902,0.0008239896269515157,0.0008401952218264341,0.003726706840097904,0.0006805129814893007
images/val-6948.jpg,happy,0.9908232688903809,0.0002736736787483096,0.0005480966647155583,0.0014710595132783055,0.9908232688903809,0.0004120994999539107,0.005356526002287865,0.0011153800878673792
images/val-7958.jpg,angry,0.3938005864620209,0.3938005864620209,0.022109095007181168,0.08818501234054565,0.20789028704166412,0.0027680813800543547,0.2810637354850769,0.004183175507932901
images/val-9979.jpg,neutral,0.9858230352401733,0.0013834647834300995,0.0029652861412614584,0.005151433404535055,0.0011349637061357498,0.0007340913871303201,0.9858230352401733,0.0028076479211449623
images/val-6786.jpg,angry,0.8530175685882568,0.8530175685882568,0.036317382007837296,0.03413788229227066,0.0055303373374044895,0.0014851945452392101,0.06639868766069412,0.0031129547860473394
images/val-4476.jpg,happy,0.9925848841667175,0.0002736618334893137,0.00043254709453321993,0.0009302958496846259,0.9925848841667175,0.0004912027507089078,0.0021130198147147894,0.0031742968130856752
images/val-3532.jpg,neutral,0.9547797441482544,0.002091221045702696,0.007054685149341822,0.010168744251132011,0.01808391883969307,0.0023701724130660295,0.9547797441482544,0.005451471544802189
images/val-8395.jpg,happy,0.992159903049469,0.0025346081238240004,0.0003812266804743558,0.0005486576119437814,0.992159903049469,0.0004699722630903125,0.002294761361554265,0.0016108283307403326
images/val-1865.jpg,sad,0.9713401198387146,0.0014423044631257653,0.004303317051380873,0.9713401198387146,0.001679838984273374,0.001357645494863391,0.01783892698585987,0.002037800382822752
images/val-5656.jpg,happy,0.9478744268417358,0.005075502675026655,0.0011033539194613695,0.004150546155869961,0.9478744268417358,0.0015407190658152103,0.038773443549871445,0.0014819141943007708
images/val-10441.jpg,happy,0.9238724112510681,0.0016863959608599544,0.003132786136120558,0.0023698259610682726,0.9238724112510681,0.005790019873529673,0.05578947812318802,0.007359036244452
images/val-1817.jpg,sad,0.6739668846130371,0.04407992586493492,0.050113894045352936,0.6739668846130371,0.0020328231621533632,0.001263911952264607,0.2282198667526245,0.0003227684646844864
images/val-4641.jpg,angry,0.9864224791526794,0.9864224791526794,0.001897550537250936,0.006306854542344809,0.0009320809622295201,0.0021732174791395664,0.0016743788728490472,0.0005934331566095352
images/val-7973.jpg,neutral,0.8851402997970581,0.01838480681180954,0.00827302597463131,0.07206892222166061,0.002101752907037735,0.013464796356856823,0.8851402997970581,0.0005663959309458733
images/val-8634.jpg,neutral,0.985675036907196,0.0017138120019808412,0.004126997198909521,0.004322445951402187,0.0018188076792284846,0.0013093679444864392,0.985675036907196,0.0010335637489333749
images/val-5054.jpg,angry,0.5348587036132812,0.5348587036132812,0.08510877937078476,0.29758358001708984,0.011753263883292675,0.029833726584911346,0.03857775032520294,0.0022841168101876974
images/val-745.jpg,happy,0.9953321814537048,0.0004977991920895875,0.0003509825619403273,0.0004781370225828141,0.9953321814537048,0.0006203976226970553,0.0008988638874143362,0.0018215520540252328
images/val-3613.jpg,neutral,0.849617063999176,0.009215172380208969,0.09104564785957336,0.04400315880775452,0.0025571701116859913,0.0010804918128997087,0.849617063999176,0.0024812829215079546
images/val-6476.jpg,sad,0.6430549025535583,0.2650018036365509,0.06811212003231049,0.6430549025535583,0.0066558304242789745,0.008447082713246346,0.0044668978080153465,0.004261344205588102
images/val-898.jpg,sad,0.9174292683601379,0.03095477633178234,0.02170405723154545,0.9174292683601379,0.00490769324824214,0.004039112478494644,0.01849655620753765,0.0024685137905180454
images/val-126.jpg,happy,0.9921126365661621,0.0010810355888679624,0.0004988315049558878,0.0018919548019766808,0.9921126365661621,0.0006492877146229148,0.0015723914839327335,0.0021939368452876806
images/val-3350.jpg,happy,0.993300199508667,0.0008351783617399633,0.0006158128380775452,0.0006844344898127019,0.993300199508667,0.0008577873813919723,0.0023596626706421375,0.0013468661345541477
images/val-4939.jpg,happy,0.9955561757087708,0.0002654251584317535,0.00031176963238976896,0.0003884608158841729,0.9955561757087708,0.000515492691192776,0.0014957007952034473,0.0014669998781755567
images/val-3461.jpg,happy,0.9948623776435852,0.00026535330107435584,0.00027176152798347175,0.0003837097901850939,0.9948623776435852,0.0005000385572202504,0.0013340701116248965,0.0023827822878956795
images/val-2249.jpg,neutral,0.952020525932312,0.015259582549333572,0.01248219981789589,0.0034227988217025995,0.006801619194447994,0.0015564549248665571,0.952020525932312,0.008456776849925518
images/val-4187.jpg,neutral,0.790328860282898,0.009801603853702545,0.0067889452911913395,0.07542750984430313,0.11415910720825195,0.0026555208023637533,0.790328860282898,0.0008384886896237731
images/val-4743.jpg,angry,0.7471814751625061,0.7471814751625061,0.031733397394418716,0.005694633815437555,0.1777224838733673,0.004529424011707306,0.006259771063923836,0.026878787204623222
images/val-5376.jpg,sad,0.9577646851539612,0.006143393460661173,0.002813259605318308,0.9577646851539612,0.014752872288227081,0.005444000940769911,0.012213188223540783,0.0008686083019711077
images/val-1966.jpg,happy,0.8509745001792908,0.03720773756504059,0.016960984095931053,0.0014512932393699884,0.8509745001792908,0.005445898976176977,0.0011679220478981733,0.08679170906543732
images/val-127.jpg,sad,0.5188983082771301,0.10509892553091049,0.01518224272876978,0.5188983082771301,0.07229867577552795,0.06514003872871399,0.22122620046138763,0.0021556143183261156
images/val-8150.jpg,sad,0.8008642792701721,0.14171017706394196,0.02109282836318016,0.8008642792701721,0.0010372534161433578,0.022857744246721268,0.010901323519647121,0.0015364220598712564
images/val-7056.jpg,happy,0.9916771650314331,0.0003167440299876034,0.0002769010898191482,0.00047304717008955777,0.9916771650314331,0.0005311832646839321,0.004355120938271284,0.0023697405122220516
images/val-2879.jpg,sad,0.9776036739349365,0.001594080007635057,0.009514598175883293,0.9776036739349365,0.0009931212989613414,0.003201218554750085,0.0061994390562176704,0.0008938484243117273
images/val-2117.jpg,angry,0.9214231967926025,0.9214231967926025,0.01221579872071743,0.0027946459595113993,0.01987333595752716,0.0051879677921533585,0.0011800762731581926,0.037325114011764526
images/val-6230.jpg,happy,0.9942255616188049,0.0008400982478633523,0.0002724140358623117,0.00037959497421979904,0.9942255616188049,0.0004752357490360737,0.002464332850649953,0.0013428862439468503
images/val-8726.jpg,sad,0.9234029650688171,0.005902239587157965,0.05528789758682251,0.9234029650688171,0.000814846542198211,0.007359381299465895,0.006156580056995153,0.0010760808363556862
images/val-9805.jpg,happy,0.9922310709953308,0.0007101194350980222,0.0003401281719561666,0.0009055999689735472,0.9922310709953308,0.0004707768966909498,0.0011241557076573372,0.004218262620270252
images/val-8197.jpg,neutral,0.9687363505363464,0.0060289157554507256,0.017301663756370544,0.001944869989529252,0.003225252265110612,0.0009045348269864917,0.9687363505363464,0.001858457806520164
images/val-9155.jpg,happy,0.9850008487701416,0.0009389008046127856,0.0013204376446083188,0.0015781857073307037,0.9850008487701416,0.0019507526885718107,0.005106300115585327,0.004104578401893377
images/val-5803.jpg,sad,0.6320584416389465,0.29549768567085266,0.030925197526812553,0.6320584416389465,0.0014468601439148188,0.008138278499245644,0.02858136035501957,0.003352249041199684
images/val-1181.jpg,angry,0.3948378562927246,0.3948378562927246,0.08282391726970673,0.03046906180679798,0.18182843923568726,0.009826570749282837,0.2688101530075073,0.031404104083776474
images/val-6506.jpg,neutral,0.9808773398399353,0.002655667718499899,0.0013970069121569395,0.0036305165849626064,0.004973359871655703,0.0020702725742012262,0.9808773398399353,0.00439588213339448
images/val-694.jpg,neutral,0.9777557849884033,0.0029700915329158306,0.00536707928404212,0.009266200475394726,0.0030894745141267776,0.0012005846947431564,0.9777557849884033,0.0003507086948957294
images/val-7148.jpg,sad,0.8867555260658264,0.044881369918584824,0.017136383801698685,0.8867555260658264,0.001585728139616549,0.03195720165967941,0.016885414719581604,0.0007983326213434339
images/val-308.jpg,happy,0.9947932362556458,0.00042927649337798357,0.0004073419258929789,0.0007958166534081101,0.9947932362556458,0.0003859840799123049,0.0018328482983633876,0.001355383195914328
images/val-10231.jpg,sad,0.7989017963409424,0.10439404100179672,0.08334899693727493,0.7989017963409424,0.001760383602231741,0.004233693238347769,0.006083856802433729,0.0012772521004080772
images/val-1276.jpg,neutral,0.9891250133514404,0.0023170537315309048,0.0027160600293427706,0.0035588466562330723,0.0012011772487312555,0.0005976512911729515,0.9891250133514404,0.00048414088087156415
images/val-5130.jpg,happy,0.9942407608032227,0.0003020309959538281,0.000296202750178054,0.0006501188036054373,0.9942407608032227,0.0005280462792143226,0.0016366842901334167,0.002346146386116743
images/val-10257.jpg,neutral,0.9716448187828064,0.004323607310652733,0.0023381756618618965,0.002886777278035879,0.014249899424612522,0.0029783707577735186,0.9716448187828064,0.0015783411217853427
images/val-7034.jpg,happy,0.9850503206253052,0.0007212519412860274,0.001455398160032928,0.0027783955447375774,0.9850503206253052,0.0020768637768924236,0.003425126662477851,0.004492567852139473
images/val-9395.jpg,happy,0.9927154183387756,0.0003522704937495291,0.0002871645556297153,0.0003574384900275618,0.9927154183387756,0.00039737156475894153,0.003698501270264387,0.0021918851416558027
images/val-6627.jpg,neutral,0.9905015230178833,0.001602286472916603,0.0014735158765688539,0.0012829862534999847,0.0031529024709016085,0.0008276935550384223,0.9905015230178833,0.0011590836802497506
images/val-6844.jpg,sad,0.951888382434845,0.015486075542867184,0.0057840533554553986,0.951888382434845,0.0023563620634377003,0.007829064503312111,0.014552179723978043,0.002103762701153755
images/val-4744.jpg,sad,0.9883831143379211,0.0018009115010499954,0.004483866970986128,0.9883831143379211,0.0011436367640271783,0.0012707567075267434,0.002262930851429701,0.0006547963130287826
images/val-1888.jpg,happy,0.5792681574821472,0.0023524523712694645,0.00507368752732873,0.013864221051335335,0.5792681574821472,0.004255515988916159,0.01773998700082302,0.3774459958076477
images/val-6637.jpg,neutral,0.3550701439380646,0.3236643373966217,0.0053805019706487656,0.08997830748558044,0.21186281740665436,0.011933772824704647,0.3550701439380646,0.002110121538862586
images/val-342.jpg,fear,0.8864083886146545,0.012343603186309338,0.8864083886146545,0.05211447924375534,0.0009313772316090763,0.002952925395220518,0.03404570743441582,0.011203604750335217
images/val-5322.jpg,happy,0.8386316895484924,0.002051407238468528,0.0007727582706138492,0.0013690650230273604,0.8386316895484924,0.0012118641752749681,0.15138036012649536,0.004582923371344805
images/val-2816.jpg,happy,0.9954397082328796,0.000338545476552099,0.0003106993972323835,0.00032832392025738955,0.9954397082328796,0.000491846352815628,0.0013697466347366571,0.0017211353406310081
images/val-7539.jpg,happy,0.9940570592880249,0.0007211841875687242,0.00019773011445067823,0.00039977641426958144,0.9940570592880249,0.0007246570894494653,0.001931987819261849,0.0019674634095281363
images/val-5929.jpg,neutral,0.9834738373756409,0.0009815458906814456,0.002009916352108121,0.002502033719792962,0.0076743741519749165,0.000798433437012136,0.9834738373756409,0.002559901447966695
images/val-1444.jpg,happy,0.9945912957191467,0.00034186174161732197,0.0004911186406388879,0.0003539131139405072,0.9945912957191467,0.0006821219576522708,0.0009106671204790473,0.0026288868393749
images/val-7156.jpg,happy,0.9878950119018555,0.001786626991815865,0.0004923635278828442,0.0022219358943402767,0.9878950119018555,0.0008109692134894431,0.0051954868249595165,0.0015976327704265714
images/val-1735.jpg,happy,0.9866060614585876,0.000659519515465945,0.0005013863556087017,0.0014583560405299067,0.9866060614585876,0.0008041081600822508,0.006689704954624176,0.003280814504250884
images/val-10177.jpg,happy,0.9042125940322876,0.02204854041337967,0.014077931642532349,0.04062202200293541,0.9042125940322876,0.0022763365413993597,0.003062961623072624,0.01369959581643343
images/val-7139.jpg,sad,0.9877250790596008,0.0029577515088021755,0.0038533825427293777,0.9877250790596008,0.0010060739004984498,0.0015202369540929794,0.0020116036757826805,0.0009258540230803192
images/val-6561.jpg,happy,0.9656552076339722,0.0003249184228479862,0.0004836197185795754,0.0011223990004509687,0.9656552076339722,0.0007467944524250925,0.029511280357837677,0.002155837370082736
images/val-8585.jpg,neutral,0.9835900664329529,0.0047327070496976376,0.0014091460034251213,0.0025305228773504496,0.006189135368913412,0.0010219014948233962,0.9835900664329529,0.0005264499341137707
images/val-1289.jpg,happy,0.994979202747345,0.0003637844347395003,0.0002786381810437888,0.0004057064652442932,0.994979202747345,0.00034711541957221925,0.0013829958625137806,0.002242618938907981
images/val-9812.jpg,happy,0.9943292737007141,0.0002631903626024723,0.00034808117197826505,0.00050476094475016,0.9943292737007141,0.00044869715929962695,0.0028994774911552668,0.0012066401541233063
images/val-5084.jpg,neutral,0.8500421643257141,0.018250834196805954,0.002663037506863475,0.046355970203876495,0.06401826441287994,0.008698435500264168,0.8500421643257141,0.009971216320991516
images/val-5563.jpg,sad,0.7949020862579346,0.007443051319569349,0.0066291820257902145,0.7949020862579346,0.17972008883953094,0.0034521296620368958,0.003614012850448489,0.0042394716292619705
images/val-10179.jpg,happy,0.9724959135055542,0.004744376055896282,0.003391908947378397,0.004011420998722315,0.9724959135055542,0.001952941413037479,0.011405042372643948,0.0019983798265457153
images/val-5457.jpg,sad,0.7350471019744873,0.03797562047839165,0.03239670395851135,0.7350471019744873,0.17801328003406525,0.0016537319170311093,0.010654618963599205,0.004258956294506788
images/val-2755.jpg,neutral,0.9871945977210999,0.0015690333675593138,0.001320362207479775,0.0014602728188037872,0.005618982948362827,0.0015210167039185762,0.9871945977210999,0.0013157353969290853
images/val-1252.jpg,angry,0.8804673552513123,0.8804673552513123,0.02238820120692253,0.05168319121003151,0.0005297219613566995,0.03151211142539978,0.006902259308844805,0.006517161149531603
images/val-8364.jpg,happy,0.9816206097602844,0.002527148462831974,0.0007717671105638146,0.004607595037668943,0.9816206097602844,0.0011156369000673294,0.006870647426694632,0.0024866294115781784
images/val-1869.jpg,neutral,0.5989888310432434,0.0033209512475878,0.004763416945934296,0.3758173882961273,0.014310493133962154,0.0017109137261286378,0.5989888310432434,0.0010879773180931807
